group_id,split,real_status,fake_status,residual_schema_equal,sampling_protocol_equal,group_status
aigvdbench:gJKsjHgG6sI_10_0to520,train,COMPLETE,COMPLETE,True,True,GROUP_RESIDUAL_COMPLETE
aigvdbench:5Jt_XnncnVg_27_0to401,train,COMPLETE,COMPLETE,True,True,GROUP_RESIDUAL_COMPLETE
aigvdbench:Dh0v721XH9A_4_0to224,train,COMPLETE,COMPLETE,True,True,GROUP_RESIDUAL_COMPLETE
aigvdbench:2f6LelxirVM_1_0to123,train,COMPLETE,COMPLETE,True,True,GROUP_RESIDUAL_COMPLETE
aigvdbench:Ec101pAONBM_85_0to110,train,COMPLETE,COMPLETE,True,True,GROUP_RESIDUAL_COMPLETE
aigvdbench:RN_7nPK_pYI_0_0to319,train,COMPLETE,COMPLETE,True,True,GROUP_RESIDUAL_COMPLETE
aigvdbench:YUPQHE8dOyI_9_0to176,train,COMPLETE,COMPLETE,True,True,GROUP_RESIDUAL_COMPLETE
aigvdbench:mHoO8vEm1co_1_34to168,train,COMPLETE,COMPLETE,True,True,GROUP_RESIDUAL_COMPLETE
aigvdbench:ci8GjIKQDKU_24_0to109,train,COMPLETE,COMPLETE,True,True,GROUP_RESIDUAL_COMPLETE
aigvdbench:9S2-sD1HIbQ_21_126to247,train,COMPLETE,COMPLETE,True,True,GROUP_RESIDUAL_COMPLETE
aigvdbench:EXmiHun7d-8_29_776to898,train,COMPLETE,COMPLETE,True,True,GROUP_RESIDUAL_COMPLETE
aigvdbench:wmd4Nbunuyg_11_193to331,train,COMPLETE,COMPLETE,True,True,GROUP_RESIDUAL_COMPLETE
aigvdbench:w7h--c54_O8_24_0to135,train,COMPLETE,COMPLETE,True,True,GROUP_RESIDUAL_COMPLETE
aigvdbench:2lTq3d3vY04_0_96to280,train,COMPLETE,COMPLETE,True,True,GROUP_RESIDUAL_COMPLETE
aigvdbench:qb4DJAgNGiQ_87_29to141,train,COMPLETE,COMPLETE,True,True,GROUP_RESIDUAL_COMPLETE
aigvdbench:zEr5cbkNabY_38_39to140,train,COMPLETE,COMPLETE,True,True,GROUP_RESIDUAL_COMPLETE
aigvdbench:_Z5UMH8trWE_637_136to247,train,COMPLETE,COMPLETE,True,True,GROUP_RESIDUAL_COMPLETE
aigvdbench:BjNdaV_Jz4U_5_0to151,train,COMPLETE,COMPLETE,True,True,GROUP_RESIDUAL_COMPLETE
aigvdbench:kNVy_zN3BHA_44_53to302,train,COMPLETE,COMPLETE,True,True,GROUP_RESIDUAL_COMPLETE
aigvdbench:lExN3FdIvw8_26_0to110,train,COMPLETE,COMPLETE,True,True,GROUP_RESIDUAL_COMPLETE
aigvdbench:ym205HqYEnE_71_0to113,train,COMPLETE,COMPLETE,True,True,GROUP_RESIDUAL_COMPLETE
aigvdbench:F29HGMNKcnk_63_0to191,train,COMPLETE,COMPLETE,True,True,GROUP_RESIDUAL_COMPLETE
aigvdbench:iPxDcHbS1xc_32_0to136,train,COMPLETE,COMPLETE,True,True,GROUP_RESIDUAL_COMPLETE
aigvdbench:1IL7cpSq1t0_16_0to298,train,COMPLETE,COMPLETE,True,True,GROUP_RESIDUAL_COMPLETE
aigvdbench:-i7R-fPF22c_6_108to292,train,COMPLETE,COMPLETE,True,True,GROUP_RESIDUAL_COMPLETE
aigvdbench:Y1UAh2rVzQ8_55_0to120,train,COMPLETE,COMPLETE,True,True,GROUP_RESIDUAL_COMPLETE
aigvdbench:cSujpyEO_1g_53_0to114,train,COMPLETE,COMPLETE,True,True,GROUP_RESIDUAL_COMPLETE
aigvdbench:OmT-7Wp51fc_17_40to688,train,COMPLETE,COMPLETE,True,True,GROUP_RESIDUAL_COMPLETE
aigvdbench:kzDGAGz-EW8_200_61to188,train,COMPLETE,COMPLETE,True,True,GROUP_RESIDUAL_COMPLETE
aigvdbench:Q_KZpoxs7eY_34_0to138,train,COMPLETE,COMPLETE,True,True,GROUP_RESIDUAL_COMPLETE
aigvdbench:WAkqEg1P-6k_41_84to283,train,COMPLETE,COMPLETE,True,True,GROUP_RESIDUAL_COMPLETE
aigvdbench:RFpJwdKwyjc_6_844to1110,train,COMPLETE,COMPLETE,True,True,GROUP_RESIDUAL_COMPLETE
aigvdbench:qY3kJalwJCA_19_0to102,train,COMPLETE,COMPLETE,True,True,GROUP_RESIDUAL_COMPLETE
aigvdbench:5t7wo8u5SRE_19_0to193,train,COMPLETE,COMPLETE,True,True,GROUP_RESIDUAL_COMPLETE
aigvdbench:itiCqbxMSX0_5_0to132,train,COMPLETE,COMPLETE,True,True,GROUP_RESIDUAL_COMPLETE
aigvdbench:BqiSOb_Llh0_1_95to197,train,COMPLETE,COMPLETE,True,True,GROUP_RESIDUAL_COMPLETE
aigvdbench:h2nUg0Hx81s_322_0to118,train,COMPLETE,COMPLETE,True,True,GROUP_RESIDUAL_COMPLETE
aigvdbench:ZOlqY5QMisE_87_0to346,train,COMPLETE,COMPLETE,True,True,GROUP_RESIDUAL_COMPLETE
aigvdbench:PHuXNq3p3Lw_89_0to244,train,COMPLETE,COMPLETE,True,True,GROUP_RESIDUAL_COMPLETE
aigvdbench:pR5j4IH86U0_88_0to253,train,COMPLETE,COMPLETE,True,True,GROUP_RESIDUAL_COMPLETE
aigvdbench:1VUz8j8qb9c_190_52to157,train,COMPLETE,COMPLETE,True,True,GROUP_RESIDUAL_COMPLETE
aigvdbench:PwVIrEiSVcE_7_21to175,train,COMPLETE,COMPLETE,True,True,GROUP_RESIDUAL_COMPLETE
aigvdbench:yqoUL6Mep4I_13_33to234,train,COMPLETE,COMPLETE,True,True,GROUP_RESIDUAL_COMPLETE
aigvdbench:hdFNkcvvy5c_92_0to109,train,COMPLETE,COMPLETE,True,True,GROUP_RESIDUAL_COMPLETE
aigvdbench:UUxXzjbZ4qE_44_0to131,train,COMPLETE,COMPLETE,True,True,GROUP_RESIDUAL_COMPLETE
aigvdbench:WjHMdrqpx3o_20_40to145,train,COMPLETE,COMPLETE,True,True,GROUP_RESIDUAL_COMPLETE
aigvdbench:0QotszIgZso_31_0to313,train,COMPLETE,COMPLETE,True,True,GROUP_RESIDUAL_COMPLETE
aigvdbench:23i__Z-Hm9c_92_0to326,train,COMPLETE,COMPLETE,True,True,GROUP_RESIDUAL_COMPLETE
aigvdbench:7pdva1luF4A_8_58to405,train,COMPLETE,COMPLETE,True,True,GROUP_RESIDUAL_COMPLETE
aigvdbench:1c0W-iGw32Y_39_106to209,train,COMPLETE,COMPLETE,True,True,GROUP_RESIDUAL_COMPLETE
aigvdbench:yxzqc321CF8_2_0to104,train,COMPLETE,COMPLETE,True,True,GROUP_RESIDUAL_COMPLETE
aigvdbench:jT3UZ4qI1ro_70_742to846,train,COMPLETE,COMPLETE,True,True,GROUP_RESIDUAL_COMPLETE
aigvdbench:NxeoiCBphb8_45_0to173,train,COMPLETE,COMPLETE,True,True,GROUP_RESIDUAL_COMPLETE
aigvdbench:cjp1xjOzJqY_10_0to135,train,COMPLETE,COMPLETE,True,True,GROUP_RESIDUAL_COMPLETE
aigvdbench:gpzjvW6nJu8_18_0to112,train,COMPLETE,COMPLETE,True,True,GROUP_RESIDUAL_COMPLETE
aigvdbench:GXi_pbrzdvc_24_0to192,train,COMPLETE,COMPLETE,True,True,GROUP_RESIDUAL_COMPLETE
aigvdbench:TBwmqIlqEnE_1_88to245,train,COMPLETE,COMPLETE,True,True,GROUP_RESIDUAL_COMPLETE
aigvdbench:krgVcdAJcH4_12_0to163,train,COMPLETE,COMPLETE,True,True,GROUP_RESIDUAL_COMPLETE
aigvdbench:yevgxWF5Ldc_0_0to142,train,COMPLETE,COMPLETE,True,True,GROUP_RESIDUAL_COMPLETE
aigvdbench:iQb6qX8uwPU_18_0to620,train,COMPLETE,COMPLETE,True,True,GROUP_RESIDUAL_COMPLETE
aigvdbench:bS4ZAtMcCcU_38_0to131,train,COMPLETE,COMPLETE,True,True,GROUP_RESIDUAL_COMPLETE
aigvdbench:YgeQ1lL3u8U_0_0to771,train,COMPLETE,COMPLETE,True,True,GROUP_RESIDUAL_COMPLETE
aigvdbench:fp6u7Xk5Cjs_8_0to164,train,COMPLETE,COMPLETE,True,True,GROUP_RESIDUAL_COMPLETE
aigvdbench:RalnMa2Z7rs_60_64to221,train,COMPLETE,COMPLETE,True,True,GROUP_RESIDUAL_COMPLETE
aigvdbench:tZGLRJD10jA_10_57to191,train,COMPLETE,COMPLETE,True,True,GROUP_RESIDUAL_COMPLETE
aigvdbench:mRXXGHzkCb4_38_0to148,train,COMPLETE,COMPLETE,True,True,GROUP_RESIDUAL_COMPLETE
aigvdbench:YVHr9RFVfJQ_37_0to210,train,COMPLETE,COMPLETE,True,True,GROUP_RESIDUAL_COMPLETE
aigvdbench:4wknw32uv6E_9_0to324,train,COMPLETE,COMPLETE,True,True,GROUP_RESIDUAL_COMPLETE
aigvdbench:FID0rlfHBjU_9_0to320,train,COMPLETE,COMPLETE,True,True,GROUP_RESIDUAL_COMPLETE
aigvdbench:9OacZ3E49cU_23_0to279,train,COMPLETE,COMPLETE,True,True,GROUP_RESIDUAL_COMPLETE
aigvdbench:RCBUSkFX8Vs_0_0to139,train,COMPLETE,COMPLETE,True,True,GROUP_RESIDUAL_COMPLETE
aigvdbench:uK2P6fVlbb8_79_16to170,train,COMPLETE,COMPLETE,True,True,GROUP_RESIDUAL_COMPLETE
aigvdbench:mezFIMP8FEU_4_19to143,train,COMPLETE,COMPLETE,True,True,GROUP_RESIDUAL_COMPLETE
aigvdbench:eB__nT0rP2c_9_38to273,train,COMPLETE,COMPLETE,True,True,GROUP_RESIDUAL_COMPLETE
aigvdbench:1GyjsUbq19U_7_169to1448,train,COMPLETE,COMPLETE,True,True,GROUP_RESIDUAL_COMPLETE
aigvdbench:4folx0ORjoE_7_0to184,train,COMPLETE,COMPLETE,True,True,GROUP_RESIDUAL_COMPLETE
aigvdbench:vTqNLJG2ExE_8_142to273,train,COMPLETE,COMPLETE,True,True,GROUP_RESIDUAL_COMPLETE
aigvdbench:FZFCeoOqZ9M_11_0to475,train,COMPLETE,COMPLETE,True,True,GROUP_RESIDUAL_COMPLETE
aigvdbench:Pft8mdtW8lc_32_0to109,train,COMPLETE,COMPLETE,True,True,GROUP_RESIDUAL_COMPLETE
aigvdbench:YmN8Uza1Cg0_27_0to141,train,COMPLETE,COMPLETE,True,True,GROUP_RESIDUAL_COMPLETE
aigvdbench:vprQHQTTkks_49_0to318,train,COMPLETE,COMPLETE,True,True,GROUP_RESIDUAL_COMPLETE
aigvdbench:nxraujoMuic_3_21to163,train,COMPLETE,COMPLETE,True,True,GROUP_RESIDUAL_COMPLETE
aigvdbench:_Fpe0Z0IfcI_18_0to199,train,COMPLETE,COMPLETE,True,True,GROUP_RESIDUAL_COMPLETE
aigvdbench:Av0ULngGQA4_31_0to161,train,COMPLETE,COMPLETE,True,True,GROUP_RESIDUAL_COMPLETE
aigvdbench:pGKNTpVVVz4_7_0to161,train,COMPLETE,COMPLETE,True,True,GROUP_RESIDUAL_COMPLETE
aigvdbench:dh9QWPuxZoE_103_0to253,train,COMPLETE,COMPLETE,True,True,GROUP_RESIDUAL_COMPLETE
aigvdbench:a2rAMOcmUms_149_49to177,train,COMPLETE,COMPLETE,True,True,GROUP_RESIDUAL_COMPLETE
aigvdbench:pGAkDG4qc_4_12_22to136,train,COMPLETE,COMPLETE,True,True,GROUP_RESIDUAL_COMPLETE
aigvdbench:T9fcBLy8Fm4_5_451to604,train,COMPLETE,COMPLETE,True,True,GROUP_RESIDUAL_COMPLETE
aigvdbench:yU81UzKfL1M_21_0to255,train,COMPLETE,COMPLETE,True,True,GROUP_RESIDUAL_COMPLETE
aigvdbench:Ze2bPiUdhlA_65_0to102,train,COMPLETE,COMPLETE,True,True,GROUP_RESIDUAL_COMPLETE
aigvdbench:AG_5_Welxvo_0_0to373,train,COMPLETE,COMPLETE,True,True,GROUP_RESIDUAL_COMPLETE
aigvdbench:Lbr-7B2HCpQ_13_109to247,train,COMPLETE,COMPLETE,True,True,GROUP_RESIDUAL_COMPLETE
aigvdbench:ep3KthzB50s_3_438to576,train,COMPLETE,COMPLETE,True,True,GROUP_RESIDUAL_COMPLETE
aigvdbench:YP707X6ZzJA_0_891to1046,train,COMPLETE,COMPLETE,True,True,GROUP_RESIDUAL_COMPLETE
aigvdbench:giY8abP-vU0_13_92to411,train,COMPLETE,COMPLETE,True,True,GROUP_RESIDUAL_COMPLETE
aigvdbench:pnfPzermXxk_28_24to178,train,COMPLETE,COMPLETE,True,True,GROUP_RESIDUAL_COMPLETE
aigvdbench:lI9YkbW0yJg_84_0to117,train,COMPLETE,COMPLETE,True,True,GROUP_RESIDUAL_COMPLETE
aigvdbench:4s6KIP0XB_A_1_744to862,train,COMPLETE,COMPLETE,True,True,GROUP_RESIDUAL_COMPLETE
aigvdbench:JO39mqWVjvk_1_0to137,train,COMPLETE,COMPLETE,True,True,GROUP_RESIDUAL_COMPLETE
aigvdbench:T1q3-2aeRVM_0_0to109,train,COMPLETE,COMPLETE,True,True,GROUP_RESIDUAL_COMPLETE
aigvdbench:5-frzgT_XDo_3_0to112,train,COMPLETE,COMPLETE,True,True,GROUP_RESIDUAL_COMPLETE
aigvdbench:BDT39Gglirc_5_80to203,train,COMPLETE,COMPLETE,True,True,GROUP_RESIDUAL_COMPLETE
aigvdbench:RhkWtAysuO8_29_147to283,train,COMPLETE,COMPLETE,True,True,GROUP_RESIDUAL_COMPLETE
aigvdbench:UxemEf5Neyc_6_0to273,train,COMPLETE,COMPLETE,True,True,GROUP_RESIDUAL_COMPLETE
aigvdbench:q9UhGkA9iHg_19_0to136,train,COMPLETE,COMPLETE,True,True,GROUP_RESIDUAL_COMPLETE
aigvdbench:HC-b92nUpqg_9_0to108,train,COMPLETE,COMPLETE,True,True,GROUP_RESIDUAL_COMPLETE
aigvdbench:u3HyQKFkLKk_17_1063to1202,train,COMPLETE,COMPLETE,True,True,GROUP_RESIDUAL_COMPLETE
aigvdbench:zb79c2x8JY4_60_0to118,train,COMPLETE,COMPLETE,True,True,GROUP_RESIDUAL_COMPLETE
aigvdbench:2IfSrPdfL1g_19_339to466,train,COMPLETE,COMPLETE,True,True,GROUP_RESIDUAL_COMPLETE
aigvdbench:yOJMG_fkDo0_21_0to145,train,COMPLETE,COMPLETE,True,True,GROUP_RESIDUAL_COMPLETE
aigvdbench:Ot32XbvdOL8_15_0to166,train,COMPLETE,COMPLETE,True,True,GROUP_RESIDUAL_COMPLETE
aigvdbench:L0Hv_QCdJys_21_0to114,train,COMPLETE,COMPLETE,True,True,GROUP_RESIDUAL_COMPLETE
aigvdbench:4ceHlXNuJ6E_3_0to122,train,COMPLETE,COMPLETE,True,True,GROUP_RESIDUAL_COMPLETE
aigvdbench:MPEKigHLjaM_38_0to126,train,COMPLETE,COMPLETE,True,True,GROUP_RESIDUAL_COMPLETE
aigvdbench:6GuUbIL8RVM_11_19to269,train,COMPLETE,COMPLETE,True,True,GROUP_RESIDUAL_COMPLETE
aigvdbench:VVj2rFRYmG4_13_88to197,train,COMPLETE,COMPLETE,True,True,GROUP_RESIDUAL_COMPLETE
aigvdbench:GqEDVfQ8lIM_51_237to381,train,COMPLETE,COMPLETE,True,True,GROUP_RESIDUAL_COMPLETE
aigvdbench:2pKgYZOS8Os_1_21to559,train,COMPLETE,COMPLETE,True,True,GROUP_RESIDUAL_COMPLETE
aigvdbench:2ghuQypZEMU_14_34to383,train,COMPLETE,COMPLETE,True,True,GROUP_RESIDUAL_COMPLETE
aigvdbench:pYp81LS_O0Q_33_0to295,train,COMPLETE,COMPLETE,True,True,GROUP_RESIDUAL_COMPLETE
aigvdbench:ZmAuHYg5EG0_28_0to343,train,COMPLETE,COMPLETE,True,True,GROUP_RESIDUAL_COMPLETE
aigvdbench:MZQw-TcAX4Q_16_95to231,train,COMPLETE,COMPLETE,True,True,GROUP_RESIDUAL_COMPLETE
aigvdbench:VW-NXFTWPA8_19_0to261,train,COMPLETE,COMPLETE,True,True,GROUP_RESIDUAL_COMPLETE
aigvdbench:4kfC0xu---s_10_0to190,train,COMPLETE,COMPLETE,True,True,GROUP_RESIDUAL_COMPLETE
aigvdbench:B8YGMGaOUAM_69_0to186,train,COMPLETE,COMPLETE,True,True,GROUP_RESIDUAL_COMPLETE
aigvdbench:uIwBXtxxePw_47_162to288,train,COMPLETE,COMPLETE,True,True,GROUP_RESIDUAL_COMPLETE
aigvdbench:30Ub3hf0VUw_12_0to629,train,COMPLETE,COMPLETE,True,True,GROUP_RESIDUAL_COMPLETE
aigvdbench:b1BYr5vTvho_13_0to109,train,COMPLETE,COMPLETE,True,True,GROUP_RESIDUAL_COMPLETE
aigvdbench:H_2h6gChu88_4_0to111,train,COMPLETE,COMPLETE,True,True,GROUP_RESIDUAL_COMPLETE
aigvdbench:d-DpJdkLzx0_1_76to214,train,COMPLETE,COMPLETE,True,True,GROUP_RESIDUAL_COMPLETE
aigvdbench:aqaBeGdz-yI_3_0to225,train,COMPLETE,COMPLETE,True,True,GROUP_RESIDUAL_COMPLETE
aigvdbench:4yFGFzopMLo_5_185to361,train,COMPLETE,COMPLETE,True,True,GROUP_RESIDUAL_COMPLETE
aigvdbench:5nPHMLahBcs_19_0to139,train,COMPLETE,COMPLETE,True,True,GROUP_RESIDUAL_COMPLETE
aigvdbench:DpxSVWnlH0o_34_22to439,train,COMPLETE,COMPLETE,True,True,GROUP_RESIDUAL_COMPLETE
aigvdbench:77v7cMXDAoo_5_0to131,train,COMPLETE,COMPLETE,True,True,GROUP_RESIDUAL_COMPLETE
aigvdbench:97onxOBIFE4_158_37to216,train,COMPLETE,COMPLETE,True,True,GROUP_RESIDUAL_COMPLETE
aigvdbench:FDPBk67FO0U_27_18to123,train,COMPLETE,COMPLETE,True,True,GROUP_RESIDUAL_COMPLETE
aigvdbench:AApWlauaoWw_12_0to102,train,COMPLETE,COMPLETE,True,True,GROUP_RESIDUAL_COMPLETE
aigvdbench:PcvAzZfzFVo_361_574to804,train,COMPLETE,COMPLETE,True,True,GROUP_RESIDUAL_COMPLETE
aigvdbench:NAauLEZdXfs_32_0to493,train,COMPLETE,COMPLETE,True,True,GROUP_RESIDUAL_COMPLETE
aigvdbench:v37iwLFOxvc_28_0to168,train,COMPLETE,COMPLETE,True,True,GROUP_RESIDUAL_COMPLETE
aigvdbench:lYuyr2xMJ04_12_0to125,train,COMPLETE,COMPLETE,True,True,GROUP_RESIDUAL_COMPLETE
aigvdbench:yX9NlKdyr-0_45_0to260,train,COMPLETE,COMPLETE,True,True,GROUP_RESIDUAL_COMPLETE
aigvdbench:MBPJEPcf3hE_45_0to373,train,COMPLETE,COMPLETE,True,True,GROUP_RESIDUAL_COMPLETE
aigvdbench:FVJ6BkjVr6k_24_0to249,train,COMPLETE,COMPLETE,True,True,GROUP_RESIDUAL_COMPLETE
aigvdbench:SUUqUHu4Iz0_5_0to889,train,COMPLETE,COMPLETE,True,True,GROUP_RESIDUAL_COMPLETE
aigvdbench:Jz5QTrtaHAo_19_0to862,train,COMPLETE,COMPLETE,True,True,GROUP_RESIDUAL_COMPLETE
aigvdbench:bCL0_LhEK6s_31_16to121,train,COMPLETE,COMPLETE,True,True,GROUP_RESIDUAL_COMPLETE
aigvdbench:3HkhewgRzq0_2_0to226,train,COMPLETE,COMPLETE,True,True,GROUP_RESIDUAL_COMPLETE
aigvdbench:2cDpv_b2zRI_22_0to167,train,COMPLETE,COMPLETE,True,True,GROUP_RESIDUAL_COMPLETE
aigvdbench:t2-U8ebk4aA_37_45to159,train,COMPLETE,COMPLETE,True,True,GROUP_RESIDUAL_COMPLETE
aigvdbench:-ilQvzqe0sY_33_0to159,train,COMPLETE,COMPLETE,True,True,GROUP_RESIDUAL_COMPLETE
aigvdbench:RM6jlL-dIs8_2_0to236,train,COMPLETE,COMPLETE,True,True,GROUP_RESIDUAL_COMPLETE
aigvdbench:NDSxhgwiGQQ_9_0to127,train,COMPLETE,COMPLETE,True,True,GROUP_RESIDUAL_COMPLETE
aigvdbench:GASOKMyqOYc_19_0to898,train,COMPLETE,COMPLETE,True,True,GROUP_RESIDUAL_COMPLETE
aigvdbench:CS1fBMbE9CU_21_141to320,train,COMPLETE,COMPLETE,True,True,GROUP_RESIDUAL_COMPLETE
aigvdbench:TqHhTVVJ3m8_44_0to175,train,COMPLETE,COMPLETE,True,True,GROUP_RESIDUAL_COMPLETE
aigvdbench:_h_SRIVIPiQ_182_23to274,train,COMPLETE,COMPLETE,True,True,GROUP_RESIDUAL_COMPLETE
aigvdbench:BDxqrmTsgaw_9_0to242,train,COMPLETE,COMPLETE,True,True,GROUP_RESIDUAL_COMPLETE
aigvdbench:XFWddUg2yU4_38_0to108,train,COMPLETE,COMPLETE,True,True,GROUP_RESIDUAL_COMPLETE
aigvdbench:6Vj-HMj6c9I_30_0to110,train,COMPLETE,COMPLETE,True,True,GROUP_RESIDUAL_COMPLETE
aigvdbench:zolFQPEzhSs_10_0to122,train,COMPLETE,COMPLETE,True,True,GROUP_RESIDUAL_COMPLETE
aigvdbench:zIGH4gaF1BQ_41_0to163,train,COMPLETE,COMPLETE,True,True,GROUP_RESIDUAL_COMPLETE
aigvdbench:8ZuDT6crP_o_16_0to184,train,COMPLETE,COMPLETE,True,True,GROUP_RESIDUAL_COMPLETE
aigvdbench:rGslzbh1q_I_13_0to316,train,COMPLETE,COMPLETE,True,True,GROUP_RESIDUAL_COMPLETE
aigvdbench:gwBkO3YW_Ds_12_0to171,train,COMPLETE,COMPLETE,True,True,GROUP_RESIDUAL_COMPLETE
aigvdbench:lPYcWr_eURI_21_52to158,train,COMPLETE,COMPLETE,True,True,GROUP_RESIDUAL_COMPLETE
aigvdbench:dt95ynNf9CM_28_0to107,train,COMPLETE,COMPLETE,True,True,GROUP_RESIDUAL_COMPLETE
aigvdbench:dzkTqs620EI_41_198to346,train,COMPLETE,COMPLETE,True,True,GROUP_RESIDUAL_COMPLETE
aigvdbench:bManqDAYG1g_28_0to109,train,COMPLETE,COMPLETE,True,True,GROUP_RESIDUAL_COMPLETE
aigvdbench:ZoHr5IEdsME_5_0to123,train,COMPLETE,COMPLETE,True,True,GROUP_RESIDUAL_COMPLETE
aigvdbench:pCSAdeg-M1E_4_21to171,train,COMPLETE,COMPLETE,True,True,GROUP_RESIDUAL_COMPLETE
aigvdbench:H5q2_ey2X6c_5_0to106,train,COMPLETE,COMPLETE,True,True,GROUP_RESIDUAL_COMPLETE
aigvdbench:nERor9FolXY_45_0to103,train,COMPLETE,COMPLETE,True,True,GROUP_RESIDUAL_COMPLETE
aigvdbench:nIHO3UXk0og_36_0to201,train,COMPLETE,COMPLETE,True,True,GROUP_RESIDUAL_COMPLETE
aigvdbench:j8volTmylKU_25_0to102,train,COMPLETE,COMPLETE,True,True,GROUP_RESIDUAL_COMPLETE
aigvdbench:gaArEszlVb0_157_0to216,train,COMPLETE,COMPLETE,True,True,GROUP_RESIDUAL_COMPLETE
aigvdbench:oXwNwVMsRi0_9_0to117,train,COMPLETE,COMPLETE,True,True,GROUP_RESIDUAL_COMPLETE
aigvdbench:vhuW6tZeqm4_2_81to594,train,COMPLETE,COMPLETE,True,True,GROUP_RESIDUAL_COMPLETE
aigvdbench:bZp352WTg9o_0_0to672,train,COMPLETE,COMPLETE,True,True,GROUP_RESIDUAL_COMPLETE
aigvdbench:qCQmAXiaXjA_10_0to188,train,COMPLETE,COMPLETE,True,True,GROUP_RESIDUAL_COMPLETE
aigvdbench:_B6SQVcnhXQ_26_0to107,train,COMPLETE,COMPLETE,True,True,GROUP_RESIDUAL_COMPLETE
aigvdbench:5Z9mHFECQRg_8_0to284,train,COMPLETE,COMPLETE,True,True,GROUP_RESIDUAL_COMPLETE
aigvdbench:Cw6ZWNzoqz0_2_0to155,train,COMPLETE,COMPLETE,True,True,GROUP_RESIDUAL_COMPLETE
aigvdbench:rmBrin8lqNc_17_0to290,train,COMPLETE,COMPLETE,True,True,GROUP_RESIDUAL_COMPLETE
aigvdbench:c0TS9TX__No_23_0to222,train,COMPLETE,COMPLETE,True,True,GROUP_RESIDUAL_COMPLETE
aigvdbench:l4vcoCydGzY_51_16to344,train,COMPLETE,COMPLETE,True,True,GROUP_RESIDUAL_COMPLETE
aigvdbench:KviRgfpIsbs_13_0to151,train,COMPLETE,COMPLETE,True,True,GROUP_RESIDUAL_COMPLETE
aigvdbench:2ys3bEvNorQ_0_481to1272,train,COMPLETE,COMPLETE,True,True,GROUP_RESIDUAL_COMPLETE
aigvdbench:PvTaBtWFh7U_2_0to608,train,COMPLETE,COMPLETE,True,True,GROUP_RESIDUAL_COMPLETE
aigvdbench:hFK5n4KOPuI_1_0to940,train,COMPLETE,COMPLETE,True,True,GROUP_RESIDUAL_COMPLETE
aigvdbench:2qWrvIjFolk_7_0to183,train,COMPLETE,COMPLETE,True,True,GROUP_RESIDUAL_COMPLETE
aigvdbench:_k6CFrwKc_s_0_166to352,train,COMPLETE,COMPLETE,True,True,GROUP_RESIDUAL_COMPLETE
aigvdbench:e-4i4lpLGtU_26_0to268,train,COMPLETE,COMPLETE,True,True,GROUP_RESIDUAL_COMPLETE
aigvdbench:icaoh0VNV14_20_17to244,train,COMPLETE,COMPLETE,True,True,GROUP_RESIDUAL_COMPLETE
aigvdbench:y4CwtyS2L6M_15_0to180,train,COMPLETE,COMPLETE,True,True,GROUP_RESIDUAL_COMPLETE
aigvdbench:g3niHJw5f5Q_22_0to137,train,COMPLETE,COMPLETE,True,True,GROUP_RESIDUAL_COMPLETE
aigvdbench:ydhzwi5dFds_8_157to730,train,COMPLETE,COMPLETE,True,True,GROUP_RESIDUAL_COMPLETE
aigvdbench:HD46EPitLKs_7_352to503,train,COMPLETE,COMPLETE,True,True,GROUP_RESIDUAL_COMPLETE
aigvdbench:8Wf9XoWyOQs_14_375to505,train,COMPLETE,COMPLETE,True,True,GROUP_RESIDUAL_COMPLETE
aigvdbench:xgW92dtXPI4_6_0to438,train,COMPLETE,COMPLETE,True,True,GROUP_RESIDUAL_COMPLETE
aigvdbench:fRneaq9JXvM_16_0to356,train,COMPLETE,COMPLETE,True,True,GROUP_RESIDUAL_COMPLETE
aigvdbench:znnNhu2TML8_12_0to442,train,COMPLETE,COMPLETE,True,True,GROUP_RESIDUAL_COMPLETE
aigvdbench:Q_6dEWfnMhE_18_251to779,train,COMPLETE,COMPLETE,True,True,GROUP_RESIDUAL_COMPLETE
aigvdbench:r6Oxqyd5qUw_20_0to206,train,COMPLETE,COMPLETE,True,True,GROUP_RESIDUAL_COMPLETE
aigvdbench:A4RFHaLI0f4_0_0to154,train,COMPLETE,COMPLETE,True,True,GROUP_RESIDUAL_COMPLETE
aigvdbench:uk4ufHkhepk_4_291to497,train,COMPLETE,COMPLETE,True,True,GROUP_RESIDUAL_COMPLETE
aigvdbench:eH_LbWkTiZU_42_18to194,train,COMPLETE,COMPLETE,True,True,GROUP_RESIDUAL_COMPLETE
aigvdbench:1BS4s5NRXaM_1_406to996,train,COMPLETE,COMPLETE,True,True,GROUP_RESIDUAL_COMPLETE
aigvdbench:BkSlw0mdjqY_44_0to136,train,COMPLETE,COMPLETE,True,True,GROUP_RESIDUAL_COMPLETE
aigvdbench:ATLXmT6beUg_17_0to217,train,COMPLETE,COMPLETE,True,True,GROUP_RESIDUAL_COMPLETE
aigvdbench:bC_Kkdn6__0_11_96to312,train,COMPLETE,COMPLETE,True,True,GROUP_RESIDUAL_COMPLETE
aigvdbench:gPJiVy3LvvA_6_0to312,train,COMPLETE,COMPLETE,True,True,GROUP_RESIDUAL_COMPLETE
aigvdbench:8Om8dvd-Zcc_11_0to226,train,COMPLETE,COMPLETE,True,True,GROUP_RESIDUAL_COMPLETE
aigvdbench:IhXnm_wYSRA_27_0to316,train,COMPLETE,COMPLETE,True,True,GROUP_RESIDUAL_COMPLETE
aigvdbench:0wFKWnUwqoQ_40_0to542,train,COMPLETE,COMPLETE,True,True,GROUP_RESIDUAL_COMPLETE
aigvdbench:tE9zViGIR14_11_0to136,train,COMPLETE,COMPLETE,True,True,GROUP_RESIDUAL_COMPLETE
aigvdbench:2ewvtkywAI8_27_0to207,train,COMPLETE,COMPLETE,True,True,GROUP_RESIDUAL_COMPLETE
aigvdbench:P74GT7oD9lA_6_78to181,train,COMPLETE,COMPLETE,True,True,GROUP_RESIDUAL_COMPLETE
aigvdbench:vO0GAfK-8bM_13_0to120,train,COMPLETE,COMPLETE,True,True,GROUP_RESIDUAL_COMPLETE
aigvdbench:ztAsbRUSds8_6_0to243,train,COMPLETE,COMPLETE,True,True,GROUP_RESIDUAL_COMPLETE
aigvdbench:gMccvtUc3B8_5_149to299,train,COMPLETE,COMPLETE,True,True,GROUP_RESIDUAL_COMPLETE
aigvdbench:qM0YhXYfQTM_66_0to157,train,COMPLETE,COMPLETE,True,True,GROUP_RESIDUAL_COMPLETE
aigvdbench:9zIIru6Neac_61_0to224,train,COMPLETE,COMPLETE,True,True,GROUP_RESIDUAL_COMPLETE
aigvdbench:Vr7FpLYOf6s_11_161to394,train,COMPLETE,COMPLETE,True,True,GROUP_RESIDUAL_COMPLETE
aigvdbench:Zy_4efqnitY_60_270to651,train,COMPLETE,COMPLETE,True,True,GROUP_RESIDUAL_COMPLETE
aigvdbench:voONmgwMpRI_3_0to148,train,COMPLETE,COMPLETE,True,True,GROUP_RESIDUAL_COMPLETE
aigvdbench:36TmCsfljRM_45_0to128,train,COMPLETE,COMPLETE,True,True,GROUP_RESIDUAL_COMPLETE
aigvdbench:7M8k6fi3PJc_123_46to246,train,COMPLETE,COMPLETE,True,True,GROUP_RESIDUAL_COMPLETE
aigvdbench:SB_D4TVrbnw_4_1080to1191,train,COMPLETE,COMPLETE,True,True,GROUP_RESIDUAL_COMPLETE
aigvdbench:3-zPcM3Zwcw_21_109to218,train,COMPLETE,COMPLETE,True,True,GROUP_RESIDUAL_COMPLETE
aigvdbench:bIYjQ47U3I8_279_126to243,train,COMPLETE,COMPLETE,True,True,GROUP_RESIDUAL_COMPLETE
aigvdbench:lvRpc8KNt_k_28_0to119,train,COMPLETE,COMPLETE,True,True,GROUP_RESIDUAL_COMPLETE
aigvdbench:nOBR53wT3u8_59_0to158,train,COMPLETE,COMPLETE,True,True,GROUP_RESIDUAL_COMPLETE
aigvdbench:HdtqT1Tmd-w_26_18to131,train,COMPLETE,COMPLETE,True,True,GROUP_RESIDUAL_COMPLETE
aigvdbench:NYIXYK3ZA6g_18_0to453,train,COMPLETE,COMPLETE,True,True,GROUP_RESIDUAL_COMPLETE
aigvdbench:V58jVJpkUQI_6_0to219,train,COMPLETE,COMPLETE,True,True,GROUP_RESIDUAL_COMPLETE
aigvdbench:7ZvjC9Pk2E4_63_0to197,train,COMPLETE,COMPLETE,True,True,GROUP_RESIDUAL_COMPLETE
aigvdbench:Ixx5oajzgHw_9_0to111,train,COMPLETE,COMPLETE,True,True,GROUP_RESIDUAL_COMPLETE
aigvdbench:GtWhhlpy-k4_14_0to178,train,COMPLETE,COMPLETE,True,True,GROUP_RESIDUAL_COMPLETE
aigvdbench:Fog1mfVJH-8_7_0to148,train,COMPLETE,COMPLETE,True,True,GROUP_RESIDUAL_COMPLETE
aigvdbench:mhEY78K2EVE_33_0to130,train,COMPLETE,COMPLETE,True,True,GROUP_RESIDUAL_COMPLETE
aigvdbench:v_Z1He0Wj08_21_0to150,train,COMPLETE,COMPLETE,True,True,GROUP_RESIDUAL_COMPLETE
aigvdbench:NKgaQfmLvZE_0_0to323,train,COMPLETE,COMPLETE,True,True,GROUP_RESIDUAL_COMPLETE
aigvdbench:aroZbET2oAE_27_96to216,train,COMPLETE,COMPLETE,True,True,GROUP_RESIDUAL_COMPLETE
aigvdbench:_E9aUuB2S3Q_8_19to149,train,COMPLETE,COMPLETE,True,True,GROUP_RESIDUAL_COMPLETE
aigvdbench:XeCg4V7_dQk_1_836to947,train,COMPLETE,COMPLETE,True,True,GROUP_RESIDUAL_COMPLETE
aigvdbench:i51bBzsOGeE_13_0to596,train,COMPLETE,COMPLETE,True,True,GROUP_RESIDUAL_COMPLETE
aigvdbench:YDhkYy5TQnk_22_0to116,train,COMPLETE,COMPLETE,True,True,GROUP_RESIDUAL_COMPLETE
aigvdbench:eDgUNT3ikco_42_0to117,train,COMPLETE,COMPLETE,True,True,GROUP_RESIDUAL_COMPLETE
aigvdbench:3V1xrREfyfo_48_95to600,train,COMPLETE,COMPLETE,True,True,GROUP_RESIDUAL_COMPLETE
aigvdbench:kzIJCbLPgE4_3_23to139,train,COMPLETE,COMPLETE,True,True,GROUP_RESIDUAL_COMPLETE
aigvdbench:9QJZqmSxHY8_29_0to790,train,COMPLETE,COMPLETE,True,True,GROUP_RESIDUAL_COMPLETE
aigvdbench:PIS8y3scrUs_65_27to243,train,COMPLETE,COMPLETE,True,True,GROUP_RESIDUAL_COMPLETE
aigvdbench:yEZcY-wBMTY_8_776to989,train,COMPLETE,COMPLETE,True,True,GROUP_RESIDUAL_COMPLETE
aigvdbench:pGFbukKeFdY_40_24to129,train,COMPLETE,COMPLETE,True,True,GROUP_RESIDUAL_COMPLETE
aigvdbench:4gWmzA43TNo_0_707to831,train,COMPLETE,COMPLETE,True,True,GROUP_RESIDUAL_COMPLETE
aigvdbench:mXAYJK65yI4_174_0to136,train,COMPLETE,COMPLETE,True,True,GROUP_RESIDUAL_COMPLETE
aigvdbench:KHA1MiRieLQ_19_0to150,train,COMPLETE,COMPLETE,True,True,GROUP_RESIDUAL_COMPLETE
aigvdbench:1N0X9vTvv40_14_0to135,train,COMPLETE,COMPLETE,True,True,GROUP_RESIDUAL_COMPLETE
aigvdbench:VXj_dmLXjCM_23_45to179,train,COMPLETE,COMPLETE,True,True,GROUP_RESIDUAL_COMPLETE
aigvdbench:3vINW6S0kdI_1_0to865,train,COMPLETE,COMPLETE,True,True,GROUP_RESIDUAL_COMPLETE
aigvdbench:9VTE1vK5VCg_15_136to404,train,COMPLETE,COMPLETE,True,True,GROUP_RESIDUAL_COMPLETE
aigvdbench:miZFO2gtu-g_168_34to231,train,COMPLETE,COMPLETE,True,True,GROUP_RESIDUAL_COMPLETE
aigvdbench:4YmPLn8Y45I_74_29to139,train,COMPLETE,COMPLETE,True,True,GROUP_RESIDUAL_COMPLETE
aigvdbench:KvKGmtccM5E_46_241to435,train,COMPLETE,COMPLETE,True,True,GROUP_RESIDUAL_COMPLETE
aigvdbench:4DuM4ozb1Ek_2_968to1595,train,COMPLETE,COMPLETE,True,True,GROUP_RESIDUAL_COMPLETE
aigvdbench:heVTnzvS1js_2_21to129,train,COMPLETE,COMPLETE,True,True,GROUP_RESIDUAL_COMPLETE
aigvdbench:RhkWtAysuO8_2_40to174,train,COMPLETE,COMPLETE,True,True,GROUP_RESIDUAL_COMPLETE
aigvdbench:NTPic7MwZ78_12_0to113,train,COMPLETE,COMPLETE,True,True,GROUP_RESIDUAL_COMPLETE
aigvdbench:l4qVEGwwAuc_18_0to454,train,COMPLETE,COMPLETE,True,True,GROUP_RESIDUAL_COMPLETE
aigvdbench:7B5PIzh1LEk_7_0to131,train,COMPLETE,COMPLETE,True,True,GROUP_RESIDUAL_COMPLETE
aigvdbench:lC-dUm5s8eE_25_0to105,train,COMPLETE,COMPLETE,True,True,GROUP_RESIDUAL_COMPLETE
aigvdbench:Ggjt9u5UKqs_11_0to229,train,COMPLETE,COMPLETE,True,True,GROUP_RESIDUAL_COMPLETE
aigvdbench:dk37D4TK490_4_0to390,train,COMPLETE,COMPLETE,True,True,GROUP_RESIDUAL_COMPLETE
aigvdbench:dmmUFTSx8Ow_94_0to129,train,COMPLETE,COMPLETE,True,True,GROUP_RESIDUAL_COMPLETE
aigvdbench:gbIzJDC-AFw_63_0to116,train,COMPLETE,COMPLETE,True,True,GROUP_RESIDUAL_COMPLETE
aigvdbench:YwY12NNCSG8_12_0to961,train,COMPLETE,COMPLETE,True,True,GROUP_RESIDUAL_COMPLETE
aigvdbench:jaPuP6a_SrE_0_0to675,train,COMPLETE,COMPLETE,True,True,GROUP_RESIDUAL_COMPLETE
aigvdbench:POCazrEqYzo_57_32to255,train,COMPLETE,COMPLETE,True,True,GROUP_RESIDUAL_COMPLETE
aigvdbench:Qqq61Iac1qc_3_0to146,train,COMPLETE,COMPLETE,True,True,GROUP_RESIDUAL_COMPLETE
aigvdbench:tEQCq1CcCeY_42_0to103,train,COMPLETE,COMPLETE,True,True,GROUP_RESIDUAL_COMPLETE
aigvdbench:83vzo2J09VM_89_23to153,train,COMPLETE,COMPLETE,True,True,GROUP_RESIDUAL_COMPLETE
aigvdbench:VorMhAAW5qY_23_0to116,train,COMPLETE,COMPLETE,True,True,GROUP_RESIDUAL_COMPLETE
aigvdbench:VXBqO-nJ2SU_0_0to114,train,COMPLETE,COMPLETE,True,True,GROUP_RESIDUAL_COMPLETE
aigvdbench:pbMoRiOMk7s_8_0to622,train,COMPLETE,COMPLETE,True,True,GROUP_RESIDUAL_COMPLETE
aigvdbench:sz_1SZCn2sI_15_0to170,train,COMPLETE,COMPLETE,True,True,GROUP_RESIDUAL_COMPLETE
aigvdbench:3AtjHc7TKyc_2_0to293,train,COMPLETE,COMPLETE,True,True,GROUP_RESIDUAL_COMPLETE
aigvdbench:hRYX43RRjso_1_0to133,train,COMPLETE,COMPLETE,True,True,GROUP_RESIDUAL_COMPLETE
aigvdbench:xq4l3l4HGjo_1_17to358,train,COMPLETE,COMPLETE,True,True,GROUP_RESIDUAL_COMPLETE
aigvdbench:nsEkJhFdvHk_0_0to354,train,COMPLETE,COMPLETE,True,True,GROUP_RESIDUAL_COMPLETE
aigvdbench:yEnuFySg1SQ_17_111to721,train,COMPLETE,COMPLETE,True,True,GROUP_RESIDUAL_COMPLETE
aigvdbench:X9veB3NxTf0_1_0to195,train,COMPLETE,COMPLETE,True,True,GROUP_RESIDUAL_COMPLETE
aigvdbench:fIKbTBt8QWI_9_0to136,train,COMPLETE,COMPLETE,True,True,GROUP_RESIDUAL_COMPLETE
aigvdbench:VKbbzSoOCmM_12_0to524,train,COMPLETE,COMPLETE,True,True,GROUP_RESIDUAL_COMPLETE
aigvdbench:IFop0h0lFhI_67_63to170,train,COMPLETE,COMPLETE,True,True,GROUP_RESIDUAL_COMPLETE
aigvdbench:wa8q-iy2_Dc_41_44to162,train,COMPLETE,COMPLETE,True,True,GROUP_RESIDUAL_COMPLETE
aigvdbench:T_6n-tZuxK4_25_0to336,train,COMPLETE,COMPLETE,True,True,GROUP_RESIDUAL_COMPLETE
aigvdbench:PH8V14VgpTk_53_0to151,train,COMPLETE,COMPLETE,True,True,GROUP_RESIDUAL_COMPLETE
aigvdbench:MouxVDH7_BM_60_0to266,train,COMPLETE,COMPLETE,True,True,GROUP_RESIDUAL_COMPLETE
aigvdbench:xIrSLKUK8rs_22_0to121,train,COMPLETE,COMPLETE,True,True,GROUP_RESIDUAL_COMPLETE
aigvdbench:EQZibQ1fcCA_101_0to148,train,COMPLETE,COMPLETE,True,True,GROUP_RESIDUAL_COMPLETE
aigvdbench:AE21rZTPiZ4_8_0to200,train,COMPLETE,COMPLETE,True,True,GROUP_RESIDUAL_COMPLETE
aigvdbench:lNuiUMdOUcQ_2_104to231,train,COMPLETE,COMPLETE,True,True,GROUP_RESIDUAL_COMPLETE
aigvdbench:jT5KZHgGElI_9_286to437,train,COMPLETE,COMPLETE,True,True,GROUP_RESIDUAL_COMPLETE
aigvdbench:8IKb2rXQoR8_2_78to310,train,COMPLETE,COMPLETE,True,True,GROUP_RESIDUAL_COMPLETE
aigvdbench:ti4ZRYuppbU_0_0to1294,train,COMPLETE,COMPLETE,True,True,GROUP_RESIDUAL_COMPLETE
aigvdbench:BhfY7SydJas_72_0to118,train,COMPLETE,COMPLETE,True,True,GROUP_RESIDUAL_COMPLETE
aigvdbench:cyI1EZTFF8Q_0_0to1253,train,COMPLETE,COMPLETE,True,True,GROUP_RESIDUAL_COMPLETE
aigvdbench:rizbJwv0j6k_45_0to182,train,COMPLETE,COMPLETE,True,True,GROUP_RESIDUAL_COMPLETE
aigvdbench:zbZ0iCd9jlI_29_102to312,train,COMPLETE,COMPLETE,True,True,GROUP_RESIDUAL_COMPLETE
aigvdbench:WIb-QEwUcf4_23_0to918,train,COMPLETE,COMPLETE,True,True,GROUP_RESIDUAL_COMPLETE
aigvdbench:UOqVpLSqgTk_16_0to1311,train,COMPLETE,COMPLETE,True,True,GROUP_RESIDUAL_COMPLETE
aigvdbench:k5wOH7jcc0Y_18_216to337,train,COMPLETE,COMPLETE,True,True,GROUP_RESIDUAL_COMPLETE
aigvdbench:TKIx6Zwsrk8_2_0to411,train,COMPLETE,COMPLETE,True,True,GROUP_RESIDUAL_COMPLETE
aigvdbench:b_ZbXBgbuRA_13_1010to1259,train,COMPLETE,COMPLETE,True,True,GROUP_RESIDUAL_COMPLETE
aigvdbench:IGecI5-AqdE_8_0to107,train,COMPLETE,COMPLETE,True,True,GROUP_RESIDUAL_COMPLETE
aigvdbench:SvvOyKFMzy4_1_0to298,train,COMPLETE,COMPLETE,True,True,GROUP_RESIDUAL_COMPLETE
aigvdbench:Zk8m0gSU4GM_31_25to291,train,COMPLETE,COMPLETE,True,True,GROUP_RESIDUAL_COMPLETE
aigvdbench:ttYkxnL6o8c_1_848to1459,train,COMPLETE,COMPLETE,True,True,GROUP_RESIDUAL_COMPLETE
aigvdbench:x8wymvDl_zk_29_0to112,train,COMPLETE,COMPLETE,True,True,GROUP_RESIDUAL_COMPLETE
aigvdbench:FZmS809xvfU_21_47to151,train,COMPLETE,COMPLETE,True,True,GROUP_RESIDUAL_COMPLETE
aigvdbench:MmqtNTfEzPE_14_0to116,train,COMPLETE,COMPLETE,True,True,GROUP_RESIDUAL_COMPLETE
aigvdbench:cROAqQW1yf0_41_821to935,train,COMPLETE,COMPLETE,True,True,GROUP_RESIDUAL_COMPLETE
aigvdbench:LMIu4fqi8jI_26_28to199,train,COMPLETE,COMPLETE,True,True,GROUP_RESIDUAL_COMPLETE
aigvdbench:jKPchF3wWLo_9_0to130,train,COMPLETE,COMPLETE,True,True,GROUP_RESIDUAL_COMPLETE
aigvdbench:RtEYbvoFoYQ_40_0to103,train,COMPLETE,COMPLETE,True,True,GROUP_RESIDUAL_COMPLETE
aigvdbench:wu2p3K2cmNk_9_0to109,train,COMPLETE,COMPLETE,True,True,GROUP_RESIDUAL_COMPLETE
aigvdbench:BiTdrSUXua8_0_69to171,train,COMPLETE,COMPLETE,True,True,GROUP_RESIDUAL_COMPLETE
aigvdbench:6HxYRpsZSMo_4_0to295,train,COMPLETE,COMPLETE,True,True,GROUP_RESIDUAL_COMPLETE
aigvdbench:no0wuZ-XkPc_5_0to105,train,COMPLETE,COMPLETE,True,True,GROUP_RESIDUAL_COMPLETE
aigvdbench:f7jhxHrtlKg_43_19to133,train,COMPLETE,COMPLETE,True,True,GROUP_RESIDUAL_COMPLETE
aigvdbench:allSK6fihNw_8_15to151,train,COMPLETE,COMPLETE,True,True,GROUP_RESIDUAL_COMPLETE
aigvdbench:Q7oGPjLSDAo_11_122to235,train,COMPLETE,COMPLETE,True,True,GROUP_RESIDUAL_COMPLETE
aigvdbench:0ORDuB2SMK4_20_121to224,train,COMPLETE,COMPLETE,True,True,GROUP_RESIDUAL_COMPLETE
aigvdbench:Dkcak_W-nOM_63_384to491,train,COMPLETE,COMPLETE,True,True,GROUP_RESIDUAL_COMPLETE
aigvdbench:dQu27i9mjq4_10_86to204,train,COMPLETE,COMPLETE,True,True,GROUP_RESIDUAL_COMPLETE
aigvdbench:1CTOZzG7NEc_2_0to158,train,COMPLETE,COMPLETE,True,True,GROUP_RESIDUAL_COMPLETE
aigvdbench:N3CiwPXnrHQ_64_58to164,train,COMPLETE,COMPLETE,True,True,GROUP_RESIDUAL_COMPLETE
aigvdbench:KgxoRo_QgPU_18_0to129,train,COMPLETE,COMPLETE,True,True,GROUP_RESIDUAL_COMPLETE
aigvdbench:YYaBHQYvs2c_8_631to876,train,COMPLETE,COMPLETE,True,True,GROUP_RESIDUAL_COMPLETE
aigvdbench:T2swYGj8iis_47_17to273,train,COMPLETE,COMPLETE,True,True,GROUP_RESIDUAL_COMPLETE
aigvdbench:sb_5g482H8Q_4_16to173,train,COMPLETE,COMPLETE,True,True,GROUP_RESIDUAL_COMPLETE
aigvdbench:DnJ85Sz1iak_1_49to188,train,COMPLETE,COMPLETE,True,True,GROUP_RESIDUAL_COMPLETE
aigvdbench:WcE-uIubi5k_0_0to258,train,COMPLETE,COMPLETE,True,True,GROUP_RESIDUAL_COMPLETE
aigvdbench:NUDBwBJeKvY_65_0to150,train,COMPLETE,COMPLETE,True,True,GROUP_RESIDUAL_COMPLETE
aigvdbench:lsxLeclNbf0_9_0to502,train,COMPLETE,COMPLETE,True,True,GROUP_RESIDUAL_COMPLETE
aigvdbench:JD0qF0RYSx8_8_0to1470,train,COMPLETE,COMPLETE,True,True,GROUP_RESIDUAL_COMPLETE
aigvdbench:OG3I6X7ypNc_11_51to161,train,COMPLETE,COMPLETE,True,True,GROUP_RESIDUAL_COMPLETE
aigvdbench:MFVxvRxpyjw_49_0to107,train,COMPLETE,COMPLETE,True,True,GROUP_RESIDUAL_COMPLETE
aigvdbench:BGWmFzBzXqs_2_0to136,train,COMPLETE,COMPLETE,True,True,GROUP_RESIDUAL_COMPLETE
aigvdbench:TghlWfr7pQI_21_0to384,train,COMPLETE,COMPLETE,True,True,GROUP_RESIDUAL_COMPLETE
aigvdbench:cf8aNhsD1hs_6_0to145,train,COMPLETE,COMPLETE,True,True,GROUP_RESIDUAL_COMPLETE
aigvdbench:K5dGwTTPqSA_30_0to140,train,COMPLETE,COMPLETE,True,True,GROUP_RESIDUAL_COMPLETE
aigvdbench:RxM81K052UQ_14_0to258,train,COMPLETE,COMPLETE,True,True,GROUP_RESIDUAL_COMPLETE
aigvdbench:aicWFRDOVFI_5_0to146,train,COMPLETE,COMPLETE,True,True,GROUP_RESIDUAL_COMPLETE
aigvdbench:FPXd-tAV8Kc_16_70to216,train,COMPLETE,COMPLETE,True,True,GROUP_RESIDUAL_COMPLETE
aigvdbench:JF7BaD11Xz0_16_0to157,train,COMPLETE,COMPLETE,True,True,GROUP_RESIDUAL_COMPLETE
aigvdbench:-sejjkTTVFo_4_89to226,train,COMPLETE,COMPLETE,True,True,GROUP_RESIDUAL_COMPLETE
aigvdbench:QnmJSPc_Us0_34_21to244,train,COMPLETE,COMPLETE,True,True,GROUP_RESIDUAL_COMPLETE
aigvdbench:frXgj9_3Ihg_17_0to107,train,COMPLETE,COMPLETE,True,True,GROUP_RESIDUAL_COMPLETE
aigvdbench:HcqHJSbT3w0_9_62to193,train,COMPLETE,COMPLETE,True,True,GROUP_RESIDUAL_COMPLETE
aigvdbench:iCEbUGbFjc4_40_0to101,train,COMPLETE,COMPLETE,True,True,GROUP_RESIDUAL_COMPLETE
aigvdbench:KQuHYiwU3FE_87_133to253,train,COMPLETE,COMPLETE,True,True,GROUP_RESIDUAL_COMPLETE
aigvdbench:6TyKFQNdwCY_11_0to118,train,COMPLETE,COMPLETE,True,True,GROUP_RESIDUAL_COMPLETE
aigvdbench:uYn0RLEDzEQ_58_0to135,train,COMPLETE,COMPLETE,True,True,GROUP_RESIDUAL_COMPLETE
aigvdbench:hzeGe9JdQ3g_1_0to583,train,COMPLETE,COMPLETE,True,True,GROUP_RESIDUAL_COMPLETE
aigvdbench:HPSgW2dvv0M_22_0to151,train,COMPLETE,COMPLETE,True,True,GROUP_RESIDUAL_COMPLETE
aigvdbench:I8Nyhud2BVI_21_0to203,train,COMPLETE,COMPLETE,True,True,GROUP_RESIDUAL_COMPLETE
aigvdbench:3rWXqlFIlLU_66_0to187,train,COMPLETE,COMPLETE,True,True,GROUP_RESIDUAL_COMPLETE
aigvdbench:1H-dc_hIASc_2_842to1459,train,COMPLETE,COMPLETE,True,True,GROUP_RESIDUAL_COMPLETE
aigvdbench:b_PPA2QhRgM_2_0to128,train,COMPLETE,COMPLETE,True,True,GROUP_RESIDUAL_COMPLETE
aigvdbench:Gjpr4H6kKHY_13_0to107,train,COMPLETE,COMPLETE,True,True,GROUP_RESIDUAL_COMPLETE
aigvdbench:eBETG_grxM8_1_75to180,train,COMPLETE,COMPLETE,True,True,GROUP_RESIDUAL_COMPLETE
aigvdbench:KHxxT2r5LLI_14_0to185,train,COMPLETE,COMPLETE,True,True,GROUP_RESIDUAL_COMPLETE
aigvdbench:dDZ4rrOHHCs_59_0to201,train,COMPLETE,COMPLETE,True,True,GROUP_RESIDUAL_COMPLETE
aigvdbench:EgUU5Oh1q7c_9_0to117,train,COMPLETE,COMPLETE,True,True,GROUP_RESIDUAL_COMPLETE
aigvdbench:nK-zlNUUHhM_13_0to171,train,COMPLETE,COMPLETE,True,True,GROUP_RESIDUAL_COMPLETE
aigvdbench:a5N7oyTNJQQ_18_0to166,train,COMPLETE,COMPLETE,True,True,GROUP_RESIDUAL_COMPLETE
aigvdbench:3KlHKI-3QdM_25_305to452,train,COMPLETE,COMPLETE,True,True,GROUP_RESIDUAL_COMPLETE
aigvdbench:GgtQ01ROYLo_18_0to117,train,COMPLETE,COMPLETE,True,True,GROUP_RESIDUAL_COMPLETE
aigvdbench:TEIacL5lfpQ_24_0to977,train,COMPLETE,COMPLETE,True,True,GROUP_RESIDUAL_COMPLETE
aigvdbench:ABJHqBkcBBQ_7_84to235,train,COMPLETE,COMPLETE,True,True,GROUP_RESIDUAL_COMPLETE
aigvdbench:kjM11a_3C2U_40_24to213,train,COMPLETE,COMPLETE,True,True,GROUP_RESIDUAL_COMPLETE
aigvdbench:YUr9B-5a-kM_128_0to109,train,COMPLETE,COMPLETE,True,True,GROUP_RESIDUAL_COMPLETE
aigvdbench:_2auieYtkVA_3_0to134,train,COMPLETE,COMPLETE,True,True,GROUP_RESIDUAL_COMPLETE
aigvdbench:Wuy-VEKFJfg_5_0to181,train,COMPLETE,COMPLETE,True,True,GROUP_RESIDUAL_COMPLETE
aigvdbench:pVeYpniU0nY_3_0to109,train,COMPLETE,COMPLETE,True,True,GROUP_RESIDUAL_COMPLETE
aigvdbench:jK_poKjGOT4_37_24to181,train,COMPLETE,COMPLETE,True,True,GROUP_RESIDUAL_COMPLETE
aigvdbench:2d_CgA7CsrM_4_90to226,train,COMPLETE,COMPLETE,True,True,GROUP_RESIDUAL_COMPLETE
aigvdbench:QxP5xGK11_I_44_19to127,train,COMPLETE,COMPLETE,True,True,GROUP_RESIDUAL_COMPLETE
aigvdbench:nf0Aom0e6jo_61_75to217,train,COMPLETE,COMPLETE,True,True,GROUP_RESIDUAL_COMPLETE
aigvdbench:ILeT1KVqgCo_27_71to291,train,COMPLETE,COMPLETE,True,True,GROUP_RESIDUAL_COMPLETE
aigvdbench:m0Tm3Iyknh0_11_0to236,train,COMPLETE,COMPLETE,True,True,GROUP_RESIDUAL_COMPLETE
aigvdbench:H74huKe4zt8_168_0to117,train,COMPLETE,COMPLETE,True,True,GROUP_RESIDUAL_COMPLETE
aigvdbench:y6s4PxWQYqc_1_0to209,train,COMPLETE,COMPLETE,True,True,GROUP_RESIDUAL_COMPLETE
aigvdbench:vTrg7Yya23I_3_0to1181,train,COMPLETE,COMPLETE,True,True,GROUP_RESIDUAL_COMPLETE
aigvdbench:GR3bSiQ7JJk_22_0to121,train,COMPLETE,COMPLETE,True,True,GROUP_RESIDUAL_COMPLETE
aigvdbench:36pIxTNvFDA_10_292to704,train,COMPLETE,COMPLETE,True,True,GROUP_RESIDUAL_COMPLETE
aigvdbench:KJsS3z_ubgQ_4_0to151,train,COMPLETE,COMPLETE,True,True,GROUP_RESIDUAL_COMPLETE
aigvdbench:hjYYBIH5ZGs_0_0to1460,train,COMPLETE,COMPLETE,True,True,GROUP_RESIDUAL_COMPLETE
aigvdbench:2pDPK0Oi2nE_31_0to132,train,COMPLETE,COMPLETE,True,True,GROUP_RESIDUAL_COMPLETE
aigvdbench:va98RlN_nAE_2_0to1495,train,COMPLETE,COMPLETE,True,True,GROUP_RESIDUAL_COMPLETE
aigvdbench:mbPhLYw0TWI_1_0to261,train,COMPLETE,COMPLETE,True,True,GROUP_RESIDUAL_COMPLETE
aigvdbench:vMbQHNOmo8k_23_0to107,train,COMPLETE,COMPLETE,True,True,GROUP_RESIDUAL_COMPLETE
aigvdbench:Syff4tqo7w0_110_63to221,train,COMPLETE,COMPLETE,True,True,GROUP_RESIDUAL_COMPLETE
aigvdbench:j_sZOexT9qU_59_0to149,train,COMPLETE,COMPLETE,True,True,GROUP_RESIDUAL_COMPLETE
aigvdbench:TCIGV7Zyvog_50_72to192,train,COMPLETE,COMPLETE,True,True,GROUP_RESIDUAL_COMPLETE
aigvdbench:lV0yvykKALc_368_105to235,train,COMPLETE,COMPLETE,True,True,GROUP_RESIDUAL_COMPLETE
aigvdbench:sUR4aiCMLDg_14_0to196,train,COMPLETE,COMPLETE,True,True,GROUP_RESIDUAL_COMPLETE
aigvdbench:jZ0BPkVx5Ds_15_76to220,train,COMPLETE,COMPLETE,True,True,GROUP_RESIDUAL_COMPLETE
aigvdbench:3YMQxmNWVkI_41_0to296,train,COMPLETE,COMPLETE,True,True,GROUP_RESIDUAL_COMPLETE
aigvdbench:O2eTjinMQA8_2_0to1072,train,COMPLETE,COMPLETE,True,True,GROUP_RESIDUAL_COMPLETE
aigvdbench:WOqEXH58-dA_25_0to114,train,COMPLETE,COMPLETE,True,True,GROUP_RESIDUAL_COMPLETE
aigvdbench:Tcn1Tu4pmsY_5_0to104,train,COMPLETE,COMPLETE,True,True,GROUP_RESIDUAL_COMPLETE
aigvdbench:6tmVWo-YUEc_17_27to141,train,COMPLETE,COMPLETE,True,True,GROUP_RESIDUAL_COMPLETE
aigvdbench:iEz91Wn5XnQ_134_30to149,train,COMPLETE,COMPLETE,True,True,GROUP_RESIDUAL_COMPLETE
aigvdbench:yh-5NAtulks_26_0to107,train,COMPLETE,COMPLETE,True,True,GROUP_RESIDUAL_COMPLETE
aigvdbench:MLKrmw906TM_26_23to307,train,COMPLETE,COMPLETE,True,True,GROUP_RESIDUAL_COMPLETE
aigvdbench:MqYPKimycmI_19_106to230,train,COMPLETE,COMPLETE,True,True,GROUP_RESIDUAL_COMPLETE
aigvdbench:zkslGsxPw7w_3_85to802,train,COMPLETE,COMPLETE,True,True,GROUP_RESIDUAL_COMPLETE
aigvdbench:Stg7i3xsOMg_1_106to307,train,COMPLETE,COMPLETE,True,True,GROUP_RESIDUAL_COMPLETE
aigvdbench:utedyJ7QRBs_0_728to926,train,COMPLETE,COMPLETE,True,True,GROUP_RESIDUAL_COMPLETE
aigvdbench:GqlqMUy-gKM_15_0to140,train,COMPLETE,COMPLETE,True,True,GROUP_RESIDUAL_COMPLETE
aigvdbench:SMCOgb9WbmA_93_24to125,train,COMPLETE,COMPLETE,True,True,GROUP_RESIDUAL_COMPLETE
aigvdbench:95TU5NOnLgQ_44_107to216,train,COMPLETE,COMPLETE,True,True,GROUP_RESIDUAL_COMPLETE
aigvdbench:or_j2KGveyE_0_0to115,train,COMPLETE,COMPLETE,True,True,GROUP_RESIDUAL_COMPLETE
aigvdbench:uT5Drjfx8ho_16_0to201,train,COMPLETE,COMPLETE,True,True,GROUP_RESIDUAL_COMPLETE
aigvdbench:iVBLJnLJgLk_9_0to115,train,COMPLETE,COMPLETE,True,True,GROUP_RESIDUAL_COMPLETE
aigvdbench:1eV2Vwgvax8_200_117to221,train,COMPLETE,COMPLETE,True,True,GROUP_RESIDUAL_COMPLETE
aigvdbench:bd-0jHY_A7U_14_0to145,train,COMPLETE,COMPLETE,True,True,GROUP_RESIDUAL_COMPLETE
aigvdbench:my3ZfcTydcI_10_104to276,train,COMPLETE,COMPLETE,True,True,GROUP_RESIDUAL_COMPLETE
aigvdbench:amr5aVYjMfA_47_0to244,train,COMPLETE,COMPLETE,True,True,GROUP_RESIDUAL_COMPLETE
aigvdbench:q8sc0yY8njk_37_112to223,train,COMPLETE,COMPLETE,True,True,GROUP_RESIDUAL_COMPLETE
aigvdbench:O-H_Ybmtu_U_16_0to445,train,COMPLETE,COMPLETE,True,True,GROUP_RESIDUAL_COMPLETE
aigvdbench:SX0i_AOIlEg_0_0to130,train,COMPLETE,COMPLETE,True,True,GROUP_RESIDUAL_COMPLETE
aigvdbench:iv9xwewntVA_7_140to280,train,COMPLETE,COMPLETE,True,True,GROUP_RESIDUAL_COMPLETE
aigvdbench:xeXCnPHJRPA_28_0to331,train,COMPLETE,COMPLETE,True,True,GROUP_RESIDUAL_COMPLETE
aigvdbench:avQ0EtONoq0_22_84to315,train,COMPLETE,COMPLETE,True,True,GROUP_RESIDUAL_COMPLETE
aigvdbench:pR76qfLvcwQ_38_0to160,train,COMPLETE,COMPLETE,True,True,GROUP_RESIDUAL_COMPLETE
aigvdbench:A_aFnxsStao_2_0to797,train,COMPLETE,COMPLETE,True,True,GROUP_RESIDUAL_COMPLETE
aigvdbench:BckyrcymtUk_65_0to136,train,COMPLETE,COMPLETE,True,True,GROUP_RESIDUAL_COMPLETE
aigvdbench:Q66yzo2mBBI_1_0to109,train,COMPLETE,COMPLETE,True,True,GROUP_RESIDUAL_COMPLETE
aigvdbench:1RxNjS_XTE4_11_0to181,train,COMPLETE,COMPLETE,True,True,GROUP_RESIDUAL_COMPLETE
aigvdbench:OUXBFpgC_YI_3_73to448,train,COMPLETE,COMPLETE,True,True,GROUP_RESIDUAL_COMPLETE
aigvdbench:LkWmwEN4uh4_29_0to219,train,COMPLETE,COMPLETE,True,True,GROUP_RESIDUAL_COMPLETE
aigvdbench:XvlyJ5JxXyQ_5_0to208,train,COMPLETE,COMPLETE,True,True,GROUP_RESIDUAL_COMPLETE
aigvdbench:hLRM_UaYjfw_33_0to108,train,COMPLETE,COMPLETE,True,True,GROUP_RESIDUAL_COMPLETE
aigvdbench:zdj2JlHuoQk_4_0to150,train,COMPLETE,COMPLETE,True,True,GROUP_RESIDUAL_COMPLETE
aigvdbench:xN754xIHe8w_2_91to240,train,COMPLETE,COMPLETE,True,True,GROUP_RESIDUAL_COMPLETE
aigvdbench:_KZ32_lVyIc_25_0to176,train,COMPLETE,COMPLETE,True,True,GROUP_RESIDUAL_COMPLETE
aigvdbench:HdtqT1Tmd-w_33_0to122,train,COMPLETE,COMPLETE,True,True,GROUP_RESIDUAL_COMPLETE
aigvdbench:NYaxxBAIrok_22_195to305,train,COMPLETE,COMPLETE,True,True,GROUP_RESIDUAL_COMPLETE
aigvdbench:q1HlTaAjgdk_6_0to195,train,COMPLETE,COMPLETE,True,True,GROUP_RESIDUAL_COMPLETE
aigvdbench:5LLb3Hv6XSE_3_0to110,train,COMPLETE,COMPLETE,True,True,GROUP_RESIDUAL_COMPLETE
aigvdbench:BG6Ls_CVFys_10_0to130,train,COMPLETE,COMPLETE,True,True,GROUP_RESIDUAL_COMPLETE
aigvdbench:thOm3ERcDa0_19_0to238,train,COMPLETE,COMPLETE,True,True,GROUP_RESIDUAL_COMPLETE
aigvdbench:5F8CM4jD6TM_24_0to128,train,COMPLETE,COMPLETE,True,True,GROUP_RESIDUAL_COMPLETE
aigvdbench:MPxVVVppyOI_12_0to226,train,COMPLETE,COMPLETE,True,True,GROUP_RESIDUAL_COMPLETE
aigvdbench:ta7HoZFRKJQ_90_57to158,train,COMPLETE,COMPLETE,True,True,GROUP_RESIDUAL_COMPLETE
aigvdbench:-MKRahy1iHQ_39_38to239,train,COMPLETE,COMPLETE,True,True,GROUP_RESIDUAL_COMPLETE
aigvdbench:ox7drYVhsto_5_0to1542,train,COMPLETE,COMPLETE,True,True,GROUP_RESIDUAL_COMPLETE
aigvdbench:b0FeBMXxjt8_9_0to113,train,COMPLETE,COMPLETE,True,True,GROUP_RESIDUAL_COMPLETE
aigvdbench:H5GgVEj9oOQ_2_67to279,train,COMPLETE,COMPLETE,True,True,GROUP_RESIDUAL_COMPLETE
aigvdbench:Pc4OMXbpyus_56_0to114,train,COMPLETE,COMPLETE,True,True,GROUP_RESIDUAL_COMPLETE
aigvdbench:C-JOvnL8zG4_62_0to320,train,COMPLETE,COMPLETE,True,True,GROUP_RESIDUAL_COMPLETE
aigvdbench:HD5KrPC1PUs_80_21to136,train,COMPLETE,COMPLETE,True,True,GROUP_RESIDUAL_COMPLETE
aigvdbench:nYh3xGCqHQc_0_0to157,train,COMPLETE,COMPLETE,True,True,GROUP_RESIDUAL_COMPLETE
aigvdbench:71UTg76CzjY_7_102to381,train,COMPLETE,COMPLETE,True,True,GROUP_RESIDUAL_COMPLETE
aigvdbench:5UCcOvoabm8_43_19to123,train,COMPLETE,COMPLETE,True,True,GROUP_RESIDUAL_COMPLETE
aigvdbench:zASYYrptGPU_2_40to163,train,COMPLETE,COMPLETE,True,True,GROUP_RESIDUAL_COMPLETE
aigvdbench:Glqb66ErZbM_7_20to174,train,COMPLETE,COMPLETE,True,True,GROUP_RESIDUAL_COMPLETE
aigvdbench:0U-wsZCoZSw_9_0to101,train,COMPLETE,COMPLETE,True,True,GROUP_RESIDUAL_COMPLETE
aigvdbench:Q07HlVqNM0A_18_0to124,train,COMPLETE,COMPLETE,True,True,GROUP_RESIDUAL_COMPLETE
aigvdbench:ziLTQymxqS8_28_0to431,train,COMPLETE,COMPLETE,True,True,GROUP_RESIDUAL_COMPLETE
aigvdbench:XKpBW4ZBlYQ_39_0to148,train,COMPLETE,COMPLETE,True,True,GROUP_RESIDUAL_COMPLETE
aigvdbench:SyjehBU3yM4_1_0to527,train,COMPLETE,COMPLETE,True,True,GROUP_RESIDUAL_COMPLETE
aigvdbench:wrQSMcU_IRQ_46_0to204,train,COMPLETE,COMPLETE,True,True,GROUP_RESIDUAL_COMPLETE
aigvdbench:7X1iNz-GnYc_3_51to266,train,COMPLETE,COMPLETE,True,True,GROUP_RESIDUAL_COMPLETE
aigvdbench:e3g4P1MEKmk_14_0to331,train,COMPLETE,COMPLETE,True,True,GROUP_RESIDUAL_COMPLETE
aigvdbench:kdVaDtUFVFc_68_0to193,train,COMPLETE,COMPLETE,True,True,GROUP_RESIDUAL_COMPLETE
aigvdbench:SCN9HH0eaPc_21_0to297,train,COMPLETE,COMPLETE,True,True,GROUP_RESIDUAL_COMPLETE
aigvdbench:dfAOmLOl4NM_8_0to158,train,COMPLETE,COMPLETE,True,True,GROUP_RESIDUAL_COMPLETE
aigvdbench:4PwQgQafGjE_44_40to429,train,COMPLETE,COMPLETE,True,True,GROUP_RESIDUAL_COMPLETE
aigvdbench:QajVeGfuxv8_6_20to201,train,COMPLETE,COMPLETE,True,True,GROUP_RESIDUAL_COMPLETE
aigvdbench:XPvEQG2D9O4_10_63to400,train,COMPLETE,COMPLETE,True,True,GROUP_RESIDUAL_COMPLETE
aigvdbench:deL_b1rthTA_0_0to1449,train,COMPLETE,COMPLETE,True,True,GROUP_RESIDUAL_COMPLETE
aigvdbench:mpuaNpaoIms_32_0to132,train,COMPLETE,COMPLETE,True,True,GROUP_RESIDUAL_COMPLETE
aigvdbench:MhBqXU_yMmM_3_0to614,train,COMPLETE,COMPLETE,True,True,GROUP_RESIDUAL_COMPLETE
aigvdbench:NP2ILVtgYdM_19_0to195,train,COMPLETE,COMPLETE,True,True,GROUP_RESIDUAL_COMPLETE
aigvdbench:4nZgSQZSWc0_12_79to191,train,COMPLETE,COMPLETE,True,True,GROUP_RESIDUAL_COMPLETE
aigvdbench:hKVz2lml-44_20_0to400,train,COMPLETE,COMPLETE,True,True,GROUP_RESIDUAL_COMPLETE
aigvdbench:XnOPyRIqFH0_26_0to139,train,COMPLETE,COMPLETE,True,True,GROUP_RESIDUAL_COMPLETE
aigvdbench:H5obudBgjKk_6_19to557,train,COMPLETE,COMPLETE,True,True,GROUP_RESIDUAL_COMPLETE
aigvdbench:2W4RH0G48Y4_1_0to141,train,COMPLETE,COMPLETE,True,True,GROUP_RESIDUAL_COMPLETE
aigvdbench:S-732576H4Y_48_0to176,train,COMPLETE,COMPLETE,True,True,GROUP_RESIDUAL_COMPLETE
aigvdbench:mzyArbF7dMg_3_147to469,train,COMPLETE,COMPLETE,True,True,GROUP_RESIDUAL_COMPLETE
aigvdbench:recdC1ljLCs_11_116to250,train,COMPLETE,COMPLETE,True,True,GROUP_RESIDUAL_COMPLETE
aigvdbench:kisUSW0hn1c_12_0to267,train,COMPLETE,COMPLETE,True,True,GROUP_RESIDUAL_COMPLETE
aigvdbench:lo6fVLLcDac_9_0to118,train,COMPLETE,COMPLETE,True,True,GROUP_RESIDUAL_COMPLETE
aigvdbench:s38C4ArmSWg_55_175to280,train,COMPLETE,COMPLETE,True,True,GROUP_RESIDUAL_COMPLETE
aigvdbench:jKcbTaegbVs_28_0to128,train,COMPLETE,COMPLETE,True,True,GROUP_RESIDUAL_COMPLETE
aigvdbench:4xSKhrsm3AM_7_38to139,train,COMPLETE,COMPLETE,True,True,GROUP_RESIDUAL_COMPLETE
aigvdbench:_jAHaAd0vZ0_0_582to971,train,COMPLETE,COMPLETE,True,True,GROUP_RESIDUAL_COMPLETE
aigvdbench:DNU0bXmfXR0_22_0to725,train,COMPLETE,COMPLETE,True,True,GROUP_RESIDUAL_COMPLETE
aigvdbench:nSO51Kat_MI_51_75to203,train,COMPLETE,COMPLETE,True,True,GROUP_RESIDUAL_COMPLETE
aigvdbench:magictime_7136539298299530527_0022,train,COMPLETE,COMPLETE,True,True,GROUP_RESIDUAL_COMPLETE
aigvdbench:0XcS1jPrPPk_30_861to1114,train,COMPLETE,COMPLETE,True,True,GROUP_RESIDUAL_COMPLETE
aigvdbench:zRwhnkPE450_10_0to136,train,COMPLETE,COMPLETE,True,True,GROUP_RESIDUAL_COMPLETE
aigvdbench:1XdjneJPURo_23_0to296,train,COMPLETE,COMPLETE,True,True,GROUP_RESIDUAL_COMPLETE
aigvdbench:LG3EHF0vh64_47_0to136,train,COMPLETE,COMPLETE,True,True,GROUP_RESIDUAL_COMPLETE
aigvdbench:U30n7iM9XoI_8_0to118,train,COMPLETE,COMPLETE,True,True,GROUP_RESIDUAL_COMPLETE
aigvdbench:zRRbVdmlrrk_42_81to273,train,COMPLETE,COMPLETE,True,True,GROUP_RESIDUAL_COMPLETE
aigvdbench:dBoTTmb_kMk_212_0to127,train,COMPLETE,COMPLETE,True,True,GROUP_RESIDUAL_COMPLETE
aigvdbench:Zj1e5S-_QYs_52_0to131,train,COMPLETE,COMPLETE,True,True,GROUP_RESIDUAL_COMPLETE
aigvdbench:MNHRUPuceLs_2_21to124,train,COMPLETE,COMPLETE,True,True,GROUP_RESIDUAL_COMPLETE
aigvdbench:bUk8WrvcQG0_90_0to110,train,COMPLETE,COMPLETE,True,True,GROUP_RESIDUAL_COMPLETE
aigvdbench:KSA-Sh8y46s_14_24to153,train,COMPLETE,COMPLETE,True,True,GROUP_RESIDUAL_COMPLETE
aigvdbench:3hVN9CK-qzI_3_0to290,train,COMPLETE,COMPLETE,True,True,GROUP_RESIDUAL_COMPLETE
aigvdbench:ixO604-OE20_39_596to864,train,COMPLETE,COMPLETE,True,True,GROUP_RESIDUAL_COMPLETE
aigvdbench:3nNrbrvnsxU_43_28to244,train,COMPLETE,COMPLETE,True,True,GROUP_RESIDUAL_COMPLETE
aigvdbench:pOZtOaHTq1A_23_36to145,train,COMPLETE,COMPLETE,True,True,GROUP_RESIDUAL_COMPLETE
aigvdbench:fOZuB-PeY1g_22_76to207,train,COMPLETE,COMPLETE,True,True,GROUP_RESIDUAL_COMPLETE
aigvdbench:ZYkzQUuCgpM_2_0to431,train,COMPLETE,COMPLETE,True,True,GROUP_RESIDUAL_COMPLETE
aigvdbench:I1xDfIO1IGA_21_23to247,train,COMPLETE,COMPLETE,True,True,GROUP_RESIDUAL_COMPLETE
aigvdbench:GdiuZkPHF1c_3_0to142,train,COMPLETE,COMPLETE,True,True,GROUP_RESIDUAL_COMPLETE
aigvdbench:QU1YIiHrY7I_131_0to117,train,COMPLETE,COMPLETE,True,True,GROUP_RESIDUAL_COMPLETE
aigvdbench:YJixpqOimS8_20_521to815,train,COMPLETE,COMPLETE,True,True,GROUP_RESIDUAL_COMPLETE
aigvdbench:BRwpgFwGH1M_47_0to111,train,COMPLETE,COMPLETE,True,True,GROUP_RESIDUAL_COMPLETE
aigvdbench:CmAHqbHYJJ0_0_0to657,train,COMPLETE,COMPLETE,True,True,GROUP_RESIDUAL_COMPLETE
aigvdbench:8Ofgj2KDbfk_7_74to290,train,COMPLETE,COMPLETE,True,True,GROUP_RESIDUAL_COMPLETE
aigvdbench:SUx203wm9WU_13_75to176,train,COMPLETE,COMPLETE,True,True,GROUP_RESIDUAL_COMPLETE
aigvdbench:37OWIFbjekY_0_0to136,train,COMPLETE,COMPLETE,True,True,GROUP_RESIDUAL_COMPLETE
aigvdbench:KW-HlCaKoz4_79_0to184,train,COMPLETE,COMPLETE,True,True,GROUP_RESIDUAL_COMPLETE
aigvdbench:Ww0J-oEECLo_7_22to136,train,COMPLETE,COMPLETE,True,True,GROUP_RESIDUAL_COMPLETE
aigvdbench:7umDrAzKlZI_44_66to186,train,COMPLETE,COMPLETE,True,True,GROUP_RESIDUAL_COMPLETE
aigvdbench:Avvj7SvYI-0_0_0to170,train,COMPLETE,COMPLETE,True,True,GROUP_RESIDUAL_COMPLETE
aigvdbench:WE0PcMAe3Zo_38_23to159,train,COMPLETE,COMPLETE,True,True,GROUP_RESIDUAL_COMPLETE
aigvdbench:PD5KXJ6y8U0_53_39to269,train,COMPLETE,COMPLETE,True,True,GROUP_RESIDUAL_COMPLETE
aigvdbench:wd8MNYA2A9E_19_0to123,train,COMPLETE,COMPLETE,True,True,GROUP_RESIDUAL_COMPLETE
aigvdbench:YAtWxX_WVyg_25_0to125,train,COMPLETE,COMPLETE,True,True,GROUP_RESIDUAL_COMPLETE
aigvdbench:jn94VdMgIAI_57_0to128,train,COMPLETE,COMPLETE,True,True,GROUP_RESIDUAL_COMPLETE
aigvdbench:vIZxL0R_s1o_41_119to257,train,COMPLETE,COMPLETE,True,True,GROUP_RESIDUAL_COMPLETE
aigvdbench:gW_lf3wYXRs_85_0to244,train,COMPLETE,COMPLETE,True,True,GROUP_RESIDUAL_COMPLETE
aigvdbench:5MSt623auY8_4_0to178,train,COMPLETE,COMPLETE,True,True,GROUP_RESIDUAL_COMPLETE
aigvdbench:Y-xtlrlT_uU_23_0to104,train,COMPLETE,COMPLETE,True,True,GROUP_RESIDUAL_COMPLETE
aigvdbench:GgEreRPdZdg_1_0to380,train,COMPLETE,COMPLETE,True,True,GROUP_RESIDUAL_COMPLETE
aigvdbench:zMgybJFSKKo_139_0to439,train,COMPLETE,COMPLETE,True,True,GROUP_RESIDUAL_COMPLETE
aigvdbench:89u4oneWOLE_41_0to253,train,COMPLETE,COMPLETE,True,True,GROUP_RESIDUAL_COMPLETE
aigvdbench:w-ql8bwcx00_37_0to141,train,COMPLETE,COMPLETE,True,True,GROUP_RESIDUAL_COMPLETE
aigvdbench:1fDrrrv6GHU_1_17to137,train,COMPLETE,COMPLETE,True,True,GROUP_RESIDUAL_COMPLETE
aigvdbench:5YPBl3WGGg0_16_0to150,train,COMPLETE,COMPLETE,True,True,GROUP_RESIDUAL_COMPLETE
aigvdbench:BZ7nVKrZoV4_41_0to118,train,COMPLETE,COMPLETE,True,True,GROUP_RESIDUAL_COMPLETE
aigvdbench:XSju6giYCJM_31_0to235,train,COMPLETE,COMPLETE,True,True,GROUP_RESIDUAL_COMPLETE
aigvdbench:gp8vIk2Uhmk_6_0to152,train,COMPLETE,COMPLETE,True,True,GROUP_RESIDUAL_COMPLETE
aigvdbench:sZkL5KERq9k_6_0to131,train,COMPLETE,COMPLETE,True,True,GROUP_RESIDUAL_COMPLETE
aigvdbench:Q4z7MkO1pLE_61_33to169,train,COMPLETE,COMPLETE,True,True,GROUP_RESIDUAL_COMPLETE
aigvdbench:OcHrY7oXfFg_3_62to756,train,COMPLETE,COMPLETE,True,True,GROUP_RESIDUAL_COMPLETE
aigvdbench:wz9Yx_Mqffk_107_33to201,train,COMPLETE,COMPLETE,True,True,GROUP_RESIDUAL_COMPLETE
aigvdbench:s565-NSlWo0_85_131to250,train,COMPLETE,COMPLETE,True,True,GROUP_RESIDUAL_COMPLETE
aigvdbench:JdKMxFLMsvc_10_0to181,train,COMPLETE,COMPLETE,True,True,GROUP_RESIDUAL_COMPLETE
aigvdbench:ei6efA5PIR0_31_23to150,train,COMPLETE,COMPLETE,True,True,GROUP_RESIDUAL_COMPLETE
aigvdbench:x3lKdYWdGhM_4_76to185,train,COMPLETE,COMPLETE,True,True,GROUP_RESIDUAL_COMPLETE
aigvdbench:FM3t88m391I_4_607to1390,train,COMPLETE,COMPLETE,True,True,GROUP_RESIDUAL_COMPLETE
aigvdbench:Sz1c0in4dqA_6_136to316,train,COMPLETE,COMPLETE,True,True,GROUP_RESIDUAL_COMPLETE
aigvdbench:G-XVmvfqaOU_59_0to193,train,COMPLETE,COMPLETE,True,True,GROUP_RESIDUAL_COMPLETE
aigvdbench:orqJfxdOvZ0_45_0to162,train,COMPLETE,COMPLETE,True,True,GROUP_RESIDUAL_COMPLETE
aigvdbench:YBHrS6drZrw_11_0to1165,train,COMPLETE,COMPLETE,True,True,GROUP_RESIDUAL_COMPLETE
aigvdbench:oWgjNPTxzeg_55_0to850,train,COMPLETE,COMPLETE,True,True,GROUP_RESIDUAL_COMPLETE
aigvdbench:zDy2BuSusms_9_187to402,train,COMPLETE,COMPLETE,True,True,GROUP_RESIDUAL_COMPLETE
aigvdbench:G0hBERbutTk_32_0to127,train,COMPLETE,COMPLETE,True,True,GROUP_RESIDUAL_COMPLETE
aigvdbench:nuXBVIhKH94_9_103to226,train,COMPLETE,COMPLETE,True,True,GROUP_RESIDUAL_COMPLETE
aigvdbench:kkxun9e1j2w_12_0to220,train,COMPLETE,COMPLETE,True,True,GROUP_RESIDUAL_COMPLETE
aigvdbench:qXTVbHmQ8Lk_102_0to151,train,COMPLETE,COMPLETE,True,True,GROUP_RESIDUAL_COMPLETE
aigvdbench:6VDo-SDLj6o_28_0to247,train,COMPLETE,COMPLETE,True,True,GROUP_RESIDUAL_COMPLETE
aigvdbench:qJKOhmc-EMg_15_0to150,train,COMPLETE,COMPLETE,True,True,GROUP_RESIDUAL_COMPLETE
aigvdbench:ZjFzkhrqIZs_108_0to174,train,COMPLETE,COMPLETE,True,True,GROUP_RESIDUAL_COMPLETE
aigvdbench:9-g0RXpZBKw_22_26to154,train,COMPLETE,COMPLETE,True,True,GROUP_RESIDUAL_COMPLETE
aigvdbench:uBM3W-3AhGA_1_271to377,train,COMPLETE,COMPLETE,True,True,GROUP_RESIDUAL_COMPLETE
aigvdbench:buzZvgHlyS4_0_0to1462,train,COMPLETE,COMPLETE,True,True,GROUP_RESIDUAL_COMPLETE
aigvdbench:QxM5M3bxQQ4_50_0to115,train,COMPLETE,COMPLETE,True,True,GROUP_RESIDUAL_COMPLETE
aigvdbench:gy9Cz21m3N0_36_0to137,train,COMPLETE,COMPLETE,True,True,GROUP_RESIDUAL_COMPLETE
aigvdbench:lKje9zlgmTs_53_0to107,train,COMPLETE,COMPLETE,True,True,GROUP_RESIDUAL_COMPLETE
aigvdbench:N2WGqKDzNBQ_11_0to143,train,COMPLETE,COMPLETE,True,True,GROUP_RESIDUAL_COMPLETE
aigvdbench:rvL5Uf5oZSQ_27_0to940,train,COMPLETE,COMPLETE,True,True,GROUP_RESIDUAL_COMPLETE
aigvdbench:6FGOlUx8UU4_2_23to585,train,COMPLETE,COMPLETE,True,True,GROUP_RESIDUAL_COMPLETE
aigvdbench:u5lRfIVEfHA_12_0to271,train,COMPLETE,COMPLETE,True,True,GROUP_RESIDUAL_COMPLETE
aigvdbench:rqguS04vz9E_15_0to595,train,COMPLETE,COMPLETE,True,True,GROUP_RESIDUAL_COMPLETE
aigvdbench:n4hI6-oz8vU_2_0to118,train,COMPLETE,COMPLETE,True,True,GROUP_RESIDUAL_COMPLETE
aigvdbench:VT7EDMecOvk_39_18to216,train,COMPLETE,COMPLETE,True,True,GROUP_RESIDUAL_COMPLETE
aigvdbench:1KbKPKAoqE4_0_386to580,train,COMPLETE,COMPLETE,True,True,GROUP_RESIDUAL_COMPLETE
aigvdbench:9S-v__ewPY0_78_0to125,train,COMPLETE,COMPLETE,True,True,GROUP_RESIDUAL_COMPLETE
aigvdbench:g7JyzC6QEyo_2_0to109,train,COMPLETE,COMPLETE,True,True,GROUP_RESIDUAL_COMPLETE
aigvdbench:NSeEkNMbeiA_94_0to127,train,COMPLETE,COMPLETE,True,True,GROUP_RESIDUAL_COMPLETE
aigvdbench:nbVeAPCvG34_13_0to1072,train,COMPLETE,COMPLETE,True,True,GROUP_RESIDUAL_COMPLETE
aigvdbench:XinuCBJ7sAw_9_0to205,train,COMPLETE,COMPLETE,True,True,GROUP_RESIDUAL_COMPLETE
aigvdbench:kbrL_OasUA0_200_34to265,train,COMPLETE,COMPLETE,True,True,GROUP_RESIDUAL_COMPLETE
aigvdbench:iuI7vNS60kQ_2_31to185,train,COMPLETE,COMPLETE,True,True,GROUP_RESIDUAL_COMPLETE
aigvdbench:6Q7U8fDwBsI_63_60to169,train,COMPLETE,COMPLETE,True,True,GROUP_RESIDUAL_COMPLETE
aigvdbench:qmpDK-8ib2Y_21_0to151,train,COMPLETE,COMPLETE,True,True,GROUP_RESIDUAL_COMPLETE
aigvdbench:g1URRmmapWQ_116_0to101,train,COMPLETE,COMPLETE,True,True,GROUP_RESIDUAL_COMPLETE
aigvdbench:TJv4AXbmcIY_0_0to124,train,COMPLETE,COMPLETE,True,True,GROUP_RESIDUAL_COMPLETE
aigvdbench:QAPn0qcHOBg_17_0to331,train,COMPLETE,COMPLETE,True,True,GROUP_RESIDUAL_COMPLETE
aigvdbench:YRREoPnnel0_1_0to1166,train,COMPLETE,COMPLETE,True,True,GROUP_RESIDUAL_COMPLETE
aigvdbench:8ZQLMlbM5fU_2_75to190,train,COMPLETE,COMPLETE,True,True,GROUP_RESIDUAL_COMPLETE
aigvdbench:ZCgWuiHxaUs_44_20to165,train,COMPLETE,COMPLETE,True,True,GROUP_RESIDUAL_COMPLETE
aigvdbench:w1adl5ZvWbk_0_0to1321,train,COMPLETE,COMPLETE,True,True,GROUP_RESIDUAL_COMPLETE
aigvdbench:E2yzW5lXzrw_8_0to146,train,COMPLETE,COMPLETE,True,True,GROUP_RESIDUAL_COMPLETE
aigvdbench:EPzk6lP0XsE_39_0to109,train,COMPLETE,COMPLETE,True,True,GROUP_RESIDUAL_COMPLETE
aigvdbench:ygsuUcp6TKk_9_22to797,train,COMPLETE,COMPLETE,True,True,GROUP_RESIDUAL_COMPLETE
aigvdbench:NZjrusw00ao_14_0to108,train,COMPLETE,COMPLETE,True,True,GROUP_RESIDUAL_COMPLETE
aigvdbench:_VXfYMxtejs_16_0to222,train,COMPLETE,COMPLETE,True,True,GROUP_RESIDUAL_COMPLETE
aigvdbench:HfOXfEJI7kA_25_0to371,train,COMPLETE,COMPLETE,True,True,GROUP_RESIDUAL_COMPLETE
aigvdbench:UPKjXZf3jPE_11_0to107,train,COMPLETE,COMPLETE,True,True,GROUP_RESIDUAL_COMPLETE
aigvdbench:w5qRx68Qnrs_30_0to107,train,COMPLETE,COMPLETE,True,True,GROUP_RESIDUAL_COMPLETE
aigvdbench:dCwylr3BSas_12_0to131,train,COMPLETE,COMPLETE,True,True,GROUP_RESIDUAL_COMPLETE
aigvdbench:SSm1mwRU1b0_18_18to167,train,COMPLETE,COMPLETE,True,True,GROUP_RESIDUAL_COMPLETE
aigvdbench:LF-D7kDbgDo_12_0to208,train,COMPLETE,COMPLETE,True,True,GROUP_RESIDUAL_COMPLETE
aigvdbench:92RPStiYlAE_16_20to193,train,COMPLETE,COMPLETE,True,True,GROUP_RESIDUAL_COMPLETE
aigvdbench:saj2MVBAL2A_10_452to586,train,COMPLETE,COMPLETE,True,True,GROUP_RESIDUAL_COMPLETE
aigvdbench:TKzPLWvqR3s_22_495to763,train,COMPLETE,COMPLETE,True,True,GROUP_RESIDUAL_COMPLETE
aigvdbench:A9JLNV7aX5s_10_31to135,train,COMPLETE,COMPLETE,True,True,GROUP_RESIDUAL_COMPLETE
aigvdbench:yLqm1DLduuA_32_0to209,train,COMPLETE,COMPLETE,True,True,GROUP_RESIDUAL_COMPLETE
aigvdbench:XZkPVIdfas0_21_0to139,train,COMPLETE,COMPLETE,True,True,GROUP_RESIDUAL_COMPLETE
aigvdbench:CJjk3ddxlgM_5_91to398,train,COMPLETE,COMPLETE,True,True,GROUP_RESIDUAL_COMPLETE
aigvdbench:hjNifpEzXwM_33_95to207,train,COMPLETE,COMPLETE,True,True,GROUP_RESIDUAL_COMPLETE
aigvdbench:oCy4iXSu4mE_21_274to427,train,COMPLETE,COMPLETE,True,True,GROUP_RESIDUAL_COMPLETE
aigvdbench:BqGv7Du8ecY_64_0to119,train,COMPLETE,COMPLETE,True,True,GROUP_RESIDUAL_COMPLETE
aigvdbench:1FM9M_I-eR4_1_92to246,train,COMPLETE,COMPLETE,True,True,GROUP_RESIDUAL_COMPLETE
aigvdbench:oGWur9G6IfU_89_85to253,train,COMPLETE,COMPLETE,True,True,GROUP_RESIDUAL_COMPLETE
aigvdbench:nJ5SqCtAumY_3_0to105,train,COMPLETE,COMPLETE,True,True,GROUP_RESIDUAL_COMPLETE
aigvdbench:iItSFTTl8d4_95_0to178,train,COMPLETE,COMPLETE,True,True,GROUP_RESIDUAL_COMPLETE
aigvdbench:MqUfgO5LBYs_14_0to147,train,COMPLETE,COMPLETE,True,True,GROUP_RESIDUAL_COMPLETE
aigvdbench:0uZOvNP0EE0_25_0to727,train,COMPLETE,COMPLETE,True,True,GROUP_RESIDUAL_COMPLETE
aigvdbench:BVtSGMbrQHY_17_0to272,train,COMPLETE,COMPLETE,True,True,GROUP_RESIDUAL_COMPLETE
aigvdbench:52mzyKRkOpc_30_461to949,train,COMPLETE,COMPLETE,True,True,GROUP_RESIDUAL_COMPLETE
aigvdbench:_FzbcmP3UhE_159_19to151,train,COMPLETE,COMPLETE,True,True,GROUP_RESIDUAL_COMPLETE
aigvdbench:wv4O-JUKOuw_56_0to156,train,COMPLETE,COMPLETE,True,True,GROUP_RESIDUAL_COMPLETE
aigvdbench:KoO3mDZU9-k_0_0to117,train,COMPLETE,COMPLETE,True,True,GROUP_RESIDUAL_COMPLETE
aigvdbench:Xo8GcMo-Y_k_100_291to402,train,COMPLETE,COMPLETE,True,True,GROUP_RESIDUAL_COMPLETE
aigvdbench:I87B3WlOan8_75_0to134,train,COMPLETE,COMPLETE,True,True,GROUP_RESIDUAL_COMPLETE
aigvdbench:kZkTYa-opMY_7_0to463,train,COMPLETE,COMPLETE,True,True,GROUP_RESIDUAL_COMPLETE
aigvdbench:ojc7JfoKBqw_15_0to225,train,COMPLETE,COMPLETE,True,True,GROUP_RESIDUAL_COMPLETE
aigvdbench:BX814yh7ofY_41_54to262,train,COMPLETE,COMPLETE,True,True,GROUP_RESIDUAL_COMPLETE
aigvdbench:wdb3OjGauUI_44_41to144,train,COMPLETE,COMPLETE,True,True,GROUP_RESIDUAL_COMPLETE
aigvdbench:kNObPLOioIU_3_0to270,train,COMPLETE,COMPLETE,True,True,GROUP_RESIDUAL_COMPLETE
aigvdbench:RNhEFBrsAvE_11_0to223,train,COMPLETE,COMPLETE,True,True,GROUP_RESIDUAL_COMPLETE
aigvdbench:74GxloRfI0k_28_0to505,train,COMPLETE,COMPLETE,True,True,GROUP_RESIDUAL_COMPLETE
aigvdbench:XOBq37xAsVc_69_0to113,train,COMPLETE,COMPLETE,True,True,GROUP_RESIDUAL_COMPLETE
aigvdbench:CfKfGyXC498_21_16to138,train,COMPLETE,COMPLETE,True,True,GROUP_RESIDUAL_COMPLETE
aigvdbench:f23rP1H2mhM_10_65to262,train,COMPLETE,COMPLETE,True,True,GROUP_RESIDUAL_COMPLETE
aigvdbench:P62lCx2gZxw_2_0to729,train,COMPLETE,COMPLETE,True,True,GROUP_RESIDUAL_COMPLETE
aigvdbench:WZiJcv2xpQs_4_0to170,train,COMPLETE,COMPLETE,True,True,GROUP_RESIDUAL_COMPLETE
aigvdbench:Uxvpm_tNCVg_3_27to130,train,COMPLETE,COMPLETE,True,True,GROUP_RESIDUAL_COMPLETE
aigvdbench:XbCFSeCBc2o_6_0to109,train,COMPLETE,COMPLETE,True,True,GROUP_RESIDUAL_COMPLETE
aigvdbench:27MUmcVR8X4_0_0to112,train,COMPLETE,COMPLETE,True,True,GROUP_RESIDUAL_COMPLETE
aigvdbench:AJKkoH3MWNU_47_0to173,train,COMPLETE,COMPLETE,True,True,GROUP_RESIDUAL_COMPLETE
aigvdbench:SokA9hPeJm8_22_0to113,train,COMPLETE,COMPLETE,True,True,GROUP_RESIDUAL_COMPLETE
aigvdbench:AbqJEe6lLU0_8_69to253,train,COMPLETE,COMPLETE,True,True,GROUP_RESIDUAL_COMPLETE
aigvdbench:lQwRB1wySoM_9_0to136,train,COMPLETE,COMPLETE,True,True,GROUP_RESIDUAL_COMPLETE
aigvdbench:3ODKUjMNJ5A_5_0to176,train,COMPLETE,COMPLETE,True,True,GROUP_RESIDUAL_COMPLETE
aigvdbench:lYicz5ag9kY_10_0to136,train,COMPLETE,COMPLETE,True,True,GROUP_RESIDUAL_COMPLETE
aigvdbench:piCmTUhynEg_128_0to151,train,COMPLETE,COMPLETE,True,True,GROUP_RESIDUAL_COMPLETE
aigvdbench:dj6sR6BXcHg_23_94to317,train,COMPLETE,COMPLETE,True,True,GROUP_RESIDUAL_COMPLETE
aigvdbench:iMEM2bewOyU_28_23to142,train,COMPLETE,COMPLETE,True,True,GROUP_RESIDUAL_COMPLETE
aigvdbench:7WzfaS2wuvU_0_0to142,train,COMPLETE,COMPLETE,True,True,GROUP_RESIDUAL_COMPLETE
aigvdbench:yXTU7PMHKaM_93_0to197,train,COMPLETE,COMPLETE,True,True,GROUP_RESIDUAL_COMPLETE
aigvdbench:lkJXfTdwN_o_1_0to264,train,COMPLETE,COMPLETE,True,True,GROUP_RESIDUAL_COMPLETE
aigvdbench:inylUmEw1qQ_2_55to222,train,COMPLETE,COMPLETE,True,True,GROUP_RESIDUAL_COMPLETE
aigvdbench:akBz4pRCHeY_3_89to193,train,COMPLETE,COMPLETE,True,True,GROUP_RESIDUAL_COMPLETE
aigvdbench:VMJ70IFWVZo_5_52to179,train,COMPLETE,COMPLETE,True,True,GROUP_RESIDUAL_COMPLETE
aigvdbench:QF7VvqmKlFo_0_0to226,train,COMPLETE,COMPLETE,True,True,GROUP_RESIDUAL_COMPLETE
aigvdbench:30EsXft3euw_33_55to347,train,COMPLETE,COMPLETE,True,True,GROUP_RESIDUAL_COMPLETE
aigvdbench:K-YEJegwjI0_0_0to136,train,COMPLETE,COMPLETE,True,True,GROUP_RESIDUAL_COMPLETE
aigvdbench:yXVToYRDqYc_24_0to109,train,COMPLETE,COMPLETE,True,True,GROUP_RESIDUAL_COMPLETE
aigvdbench:KTyH5NWPXGE_1_0to119,train,COMPLETE,COMPLETE,True,True,GROUP_RESIDUAL_COMPLETE
aigvdbench:plWMcqKMtPg_16_0to1109,train,COMPLETE,COMPLETE,True,True,GROUP_RESIDUAL_COMPLETE
aigvdbench:4MLvzAzZhuw_9_31to135,train,COMPLETE,COMPLETE,True,True,GROUP_RESIDUAL_COMPLETE
aigvdbench:jxtggVlNlPE_38_0to122,train,COMPLETE,COMPLETE,True,True,GROUP_RESIDUAL_COMPLETE
aigvdbench:YI8IUsnH2qw_12_824to940,train,COMPLETE,COMPLETE,True,True,GROUP_RESIDUAL_COMPLETE
aigvdbench:IUI0vfct24o_12_0to199,train,COMPLETE,COMPLETE,True,True,GROUP_RESIDUAL_COMPLETE
aigvdbench:AOy3VT-Jvlk_51_0to145,train,COMPLETE,COMPLETE,True,True,GROUP_RESIDUAL_COMPLETE
aigvdbench:9M8QUynDAbk_7_18to217,train,COMPLETE,COMPLETE,True,True,GROUP_RESIDUAL_COMPLETE
aigvdbench:sZf0owX6cUM_1_518to1221,train,COMPLETE,COMPLETE,True,True,GROUP_RESIDUAL_COMPLETE
aigvdbench:fTtjB7ti8NU_12_0to102,train,COMPLETE,COMPLETE,True,True,GROUP_RESIDUAL_COMPLETE
aigvdbench:VicRCuvxTbc_19_0to136,train,COMPLETE,COMPLETE,True,True,GROUP_RESIDUAL_COMPLETE
aigvdbench:L0KINf3s5IU_56_245to376,train,COMPLETE,COMPLETE,True,True,GROUP_RESIDUAL_COMPLETE
aigvdbench:NnR3RT7_-vA_28_0to1392,train,COMPLETE,COMPLETE,True,True,GROUP_RESIDUAL_COMPLETE
aigvdbench:R1mKjoShk4U_2_56to272,train,COMPLETE,COMPLETE,True,True,GROUP_RESIDUAL_COMPLETE
aigvdbench:ZPuEZnMK_Bs_33_54to199,train,COMPLETE,COMPLETE,True,True,GROUP_RESIDUAL_COMPLETE
aigvdbench:UL_mHW-e5kc_59_0to136,train,COMPLETE,COMPLETE,True,True,GROUP_RESIDUAL_COMPLETE
aigvdbench:llM9MIM_9U4_3_16to149,train,COMPLETE,COMPLETE,True,True,GROUP_RESIDUAL_COMPLETE
aigvdbench:nmdjSgz5Z70_68_64to492,train,COMPLETE,COMPLETE,True,True,GROUP_RESIDUAL_COMPLETE
aigvdbench:PG9kCkhiuyo_43_0to131,train,COMPLETE,COMPLETE,True,True,GROUP_RESIDUAL_COMPLETE
aigvdbench:LV5tIQFKAgY_131_0to628,train,COMPLETE,COMPLETE,True,True,GROUP_RESIDUAL_COMPLETE
aigvdbench:kEdfVjGxMz0_21_320to569,train,COMPLETE,COMPLETE,True,True,GROUP_RESIDUAL_COMPLETE
aigvdbench:gd6s5AS273Q_399_0to120,train,COMPLETE,COMPLETE,True,True,GROUP_RESIDUAL_COMPLETE
aigvdbench:rr8dpLBH4gU_9_18to132,train,COMPLETE,COMPLETE,True,True,GROUP_RESIDUAL_COMPLETE
aigvdbench:PPEmSHj3CKA_0_0to1223,train,COMPLETE,COMPLETE,True,True,GROUP_RESIDUAL_COMPLETE
aigvdbench:Q5sNkRjzVgU_20_54to174,validation,COMPLETE,COMPLETE,True,True,GROUP_RESIDUAL_COMPLETE
aigvdbench:WP7woAHPOjU_6_30to144,validation,COMPLETE,COMPLETE,True,True,GROUP_RESIDUAL_COMPLETE
aigvdbench:5Hr6KH-kGRY_20_100to246,validation,COMPLETE,COMPLETE,True,True,GROUP_RESIDUAL_COMPLETE
aigvdbench:FFOWDe1YZVY_87_0to374,validation,COMPLETE,COMPLETE,True,True,GROUP_RESIDUAL_COMPLETE
aigvdbench:S7aVNP5t-kw_44_96to320,validation,COMPLETE,COMPLETE,True,True,GROUP_RESIDUAL_COMPLETE
aigvdbench:nPggYy_aPzY_36_0to124,validation,COMPLETE,COMPLETE,True,True,GROUP_RESIDUAL_COMPLETE
aigvdbench:9MDeuLaGAFc_6_0to1294,validation,COMPLETE,COMPLETE,True,True,GROUP_RESIDUAL_COMPLETE
aigvdbench:QWADVL4gMmc_42_19to522,validation,COMPLETE,COMPLETE,True,True,GROUP_RESIDUAL_COMPLETE
aigvdbench:jcTn6MjNaZo_17_84to193,validation,COMPLETE,COMPLETE,True,True,GROUP_RESIDUAL_COMPLETE
aigvdbench:iVy63mmJg6k_34_0to204,validation,COMPLETE,COMPLETE,True,True,GROUP_RESIDUAL_COMPLETE
aigvdbench:li-C4HnrDd8_3_33to786,validation,COMPLETE,COMPLETE,True,True,GROUP_RESIDUAL_COMPLETE
aigvdbench:ohaFCAhuLVA_15_0to103,validation,COMPLETE,COMPLETE,True,True,GROUP_RESIDUAL_COMPLETE
aigvdbench:aZT4S-MFZa0_65_76to201,validation,COMPLETE,COMPLETE,True,True,GROUP_RESIDUAL_COMPLETE
aigvdbench:AY_q3oEBAmk_81_0to351,validation,COMPLETE,COMPLETE,True,True,GROUP_RESIDUAL_COMPLETE
aigvdbench:ppX46CIyFIo_0_0to1361,validation,COMPLETE,COMPLETE,True,True,GROUP_RESIDUAL_COMPLETE
aigvdbench:BGFbkM1OhYM_0_0to203,validation,COMPLETE,COMPLETE,True,True,GROUP_RESIDUAL_COMPLETE
aigvdbench:N1c_TCaQLxg_6_0to109,validation,COMPLETE,COMPLETE,True,True,GROUP_RESIDUAL_COMPLETE
aigvdbench:ugtzreD-1IM_1_0to145,validation,COMPLETE,COMPLETE,True,True,GROUP_RESIDUAL_COMPLETE
aigvdbench:E2hKTXomDh4_0_399to700,validation,COMPLETE,COMPLETE,True,True,GROUP_RESIDUAL_COMPLETE
aigvdbench:1SSQSjs63nc_15_0to544,validation,COMPLETE,COMPLETE,True,True,GROUP_RESIDUAL_COMPLETE
aigvdbench:L9mAGopy98w_47_0to107,validation,COMPLETE,COMPLETE,True,True,GROUP_RESIDUAL_COMPLETE
aigvdbench:Jkat1U9SVgI_8_0to136,validation,COMPLETE,COMPLETE,True,True,GROUP_RESIDUAL_COMPLETE
aigvdbench:mKmpT3EWyfQ_4_18to209,validation,COMPLETE,COMPLETE,True,True,GROUP_RESIDUAL_COMPLETE
aigvdbench:mnnNb1juvNE_35_17to137,validation,COMPLETE,COMPLETE,True,True,GROUP_RESIDUAL_COMPLETE
aigvdbench:-ZiVqyuKho4_35_82to191,validation,COMPLETE,COMPLETE,True,True,GROUP_RESIDUAL_COMPLETE
aigvdbench:aHBE4qEloKA_0_0to145,validation,COMPLETE,COMPLETE,True,True,GROUP_RESIDUAL_COMPLETE
aigvdbench:IkuW-IIDEQA_5_19to120,validation,COMPLETE,COMPLETE,True,True,GROUP_RESIDUAL_COMPLETE
aigvdbench:7Jxn9zE_vws_29_72to206,validation,COMPLETE,COMPLETE,True,True,GROUP_RESIDUAL_COMPLETE
aigvdbench:-e0EO_DH2-I_26_0to970,validation,COMPLETE,COMPLETE,True,True,GROUP_RESIDUAL_COMPLETE
aigvdbench:SU-_43BQ_j0_51_0to104,validation,COMPLETE,COMPLETE,True,True,GROUP_RESIDUAL_COMPLETE
aigvdbench:7jhWomQnMtg_4_0to351,validation,COMPLETE,COMPLETE,True,True,GROUP_RESIDUAL_COMPLETE
aigvdbench:-oVhV6SBYIo_12_0to281,validation,COMPLETE,COMPLETE,True,True,GROUP_RESIDUAL_COMPLETE
aigvdbench:JJO7hDTOMuA_24_25to327,validation,COMPLETE,COMPLETE,True,True,GROUP_RESIDUAL_COMPLETE
aigvdbench:XVk9WzRkXt4_128_0to143,validation,COMPLETE,COMPLETE,True,True,GROUP_RESIDUAL_COMPLETE
aigvdbench:2pNlzfZMa7c_13_0to125,validation,COMPLETE,COMPLETE,True,True,GROUP_RESIDUAL_COMPLETE
aigvdbench:afU-z38uncg_34_70to454,validation,COMPLETE,COMPLETE,True,True,GROUP_RESIDUAL_COMPLETE
aigvdbench:znnNhu2TML8_11_0to138,validation,COMPLETE,COMPLETE,True,True,GROUP_RESIDUAL_COMPLETE
aigvdbench:Ix1_r5EJVvU_32_0to106,validation,COMPLETE,COMPLETE,True,True,GROUP_RESIDUAL_COMPLETE
aigvdbench:jhCgED824_4_3_0to149,validation,COMPLETE,COMPLETE,True,True,GROUP_RESIDUAL_COMPLETE
aigvdbench:E64yyBaW2qo_12_0to138,validation,COMPLETE,COMPLETE,True,True,GROUP_RESIDUAL_COMPLETE
aigvdbench:JHtCHWvYl94_105_0to134,validation,COMPLETE,COMPLETE,True,True,GROUP_RESIDUAL_COMPLETE
aigvdbench:LYebkjEdBY0_30_91to218,validation,COMPLETE,COMPLETE,True,True,GROUP_RESIDUAL_COMPLETE
aigvdbench:tT4O_Q2JA7I_51_65to207,validation,COMPLETE,COMPLETE,True,True,GROUP_RESIDUAL_COMPLETE
aigvdbench:hf9BFm-I_sQ_405_0to132,validation,COMPLETE,COMPLETE,True,True,GROUP_RESIDUAL_COMPLETE
aigvdbench:tDvAlwzg1vY_24_51to321,validation,COMPLETE,COMPLETE,True,True,GROUP_RESIDUAL_COMPLETE
aigvdbench:0eXkBH0qzTY_21_0to380,validation,COMPLETE,COMPLETE,True,True,GROUP_RESIDUAL_COMPLETE
aigvdbench:hgha3Bez50E_53_0to390,validation,COMPLETE,COMPLETE,True,True,GROUP_RESIDUAL_COMPLETE
aigvdbench:FVvOjUzacwo_18_21to178,validation,COMPLETE,COMPLETE,True,True,GROUP_RESIDUAL_COMPLETE
aigvdbench:mDsj6OPHSAI_11_18to162,validation,COMPLETE,COMPLETE,True,True,GROUP_RESIDUAL_COMPLETE
aigvdbench:Zx_P9-bkM48_28_0to138,validation,COMPLETE,COMPLETE,True,True,GROUP_RESIDUAL_COMPLETE
aigvdbench:Rixj7SNIpZE_98_412to563,validation,COMPLETE,COMPLETE,True,True,GROUP_RESIDUAL_COMPLETE
aigvdbench:SFdR240qaXA_36_0to202,validation,COMPLETE,COMPLETE,True,True,GROUP_RESIDUAL_COMPLETE
aigvdbench:vFKdBiV48ek_1_0to734,validation,COMPLETE,COMPLETE,True,True,GROUP_RESIDUAL_COMPLETE
aigvdbench:RnpiPddFJHI_33_0to303,validation,COMPLETE,COMPLETE,True,True,GROUP_RESIDUAL_COMPLETE
aigvdbench:T7NPKnbsv6c_1_0to1451,validation,COMPLETE,COMPLETE,True,True,GROUP_RESIDUAL_COMPLETE
aigvdbench:5h0oKzhRtRM_26_933to1243,validation,COMPLETE,COMPLETE,True,True,GROUP_RESIDUAL_COMPLETE
aigvdbench:YD79ociXOK0_6_0to107,validation,COMPLETE,COMPLETE,True,True,GROUP_RESIDUAL_COMPLETE
aigvdbench:D8w6QVruxek_119_0to102,validation,COMPLETE,COMPLETE,True,True,GROUP_RESIDUAL_COMPLETE
aigvdbench:Ax8zuvqV1Ik_153_43to258,validation,COMPLETE,COMPLETE,True,True,GROUP_RESIDUAL_COMPLETE
aigvdbench:W-FWrYU1EYw_13_204to408,validation,COMPLETE,COMPLETE,True,True,GROUP_RESIDUAL_COMPLETE
aigvdbench:_j_sPsTHE8M_0_231to336,validation,COMPLETE,COMPLETE,True,True,GROUP_RESIDUAL_COMPLETE
aigvdbench:TOLu7cDn44Q_36_0to132,validation,COMPLETE,COMPLETE,True,True,GROUP_RESIDUAL_COMPLETE
aigvdbench:oVAxy9mK7oY_0_19to142,validation,COMPLETE,COMPLETE,True,True,GROUP_RESIDUAL_COMPLETE
aigvdbench:pJJPI2vxjzg_24_0to621,validation,COMPLETE,COMPLETE,True,True,GROUP_RESIDUAL_COMPLETE
aigvdbench:I_bTiPTHIN8_60_0to128,validation,COMPLETE,COMPLETE,True,True,GROUP_RESIDUAL_COMPLETE
aigvdbench:lEVjsQGSL7k_3_29to378,validation,COMPLETE,COMPLETE,True,True,GROUP_RESIDUAL_COMPLETE
aigvdbench:bew4RBMmVXY_21_0to109,validation,COMPLETE,COMPLETE,True,True,GROUP_RESIDUAL_COMPLETE
aigvdbench:AvWrU7f0SLA_12_21to161,validation,COMPLETE,COMPLETE,True,True,GROUP_RESIDUAL_COMPLETE
aigvdbench:72Q6ZHE4lAQ_10_0to212,validation,COMPLETE,COMPLETE,True,True,GROUP_RESIDUAL_COMPLETE
aigvdbench:DQzYnxN3tE4_164_0to293,validation,COMPLETE,COMPLETE,True,True,GROUP_RESIDUAL_COMPLETE
aigvdbench:GDjS1KX2PrA_10_16to138,validation,COMPLETE,COMPLETE,True,True,GROUP_RESIDUAL_COMPLETE
aigvdbench:lCrZHZyeqic_37_0to104,validation,COMPLETE,COMPLETE,True,True,GROUP_RESIDUAL_COMPLETE
aigvdbench:Lj4nyWbbMds_8_0to552,validation,COMPLETE,COMPLETE,True,True,GROUP_RESIDUAL_COMPLETE
aigvdbench:X333iyQg0s0_45_25to163,validation,COMPLETE,COMPLETE,True,True,GROUP_RESIDUAL_COMPLETE
aigvdbench:VGV09dUwXo4_59_0to123,validation,COMPLETE,COMPLETE,True,True,GROUP_RESIDUAL_COMPLETE
aigvdbench:Js1uRntrbj4_14_86to409,validation,COMPLETE,COMPLETE,True,True,GROUP_RESIDUAL_COMPLETE
aigvdbench:cvzD-lNfO7E_33_174to452,validation,COMPLETE,COMPLETE,True,True,GROUP_RESIDUAL_COMPLETE
aigvdbench:gsD-GDwd9a0_1_0to157,validation,COMPLETE,COMPLETE,True,True,GROUP_RESIDUAL_COMPLETE
aigvdbench:w_5Bg292zU8_16_23to144,validation,COMPLETE,COMPLETE,True,True,GROUP_RESIDUAL_COMPLETE
aigvdbench:7tJI1-JT-FQ_41_24to193,validation,COMPLETE,COMPLETE,True,True,GROUP_RESIDUAL_COMPLETE
aigvdbench:ku77ybqDQNI_49_65to179,validation,COMPLETE,COMPLETE,True,True,GROUP_RESIDUAL_COMPLETE
aigvdbench:5iYUyTLcCUs_14_0to238,validation,COMPLETE,COMPLETE,True,True,GROUP_RESIDUAL_COMPLETE
aigvdbench:IIcrKLG7HYc_65_0to269,validation,COMPLETE,COMPLETE,True,True,GROUP_RESIDUAL_COMPLETE
aigvdbench:WPgcHx5HkFw_26_0to130,validation,COMPLETE,COMPLETE,True,True,GROUP_RESIDUAL_COMPLETE
aigvdbench:_enS0P_bHwM_4_0to533,validation,COMPLETE,COMPLETE,True,True,GROUP_RESIDUAL_COMPLETE
aigvdbench:ZcxYdu6p3fg_49_0to108,validation,COMPLETE,COMPLETE,True,True,GROUP_RESIDUAL_COMPLETE
aigvdbench:EcVj0rGx77M_4_982to1165,validation,COMPLETE,COMPLETE,True,True,GROUP_RESIDUAL_COMPLETE
aigvdbench:Imckz_pDYAM_2_0to252,validation,COMPLETE,COMPLETE,True,True,GROUP_RESIDUAL_COMPLETE
aigvdbench:ED6OlIunOfA_42_0to106,validation,COMPLETE,COMPLETE,True,True,GROUP_RESIDUAL_COMPLETE
aigvdbench:RcN7dd6KTRk_39_0to226,validation,COMPLETE,COMPLETE,True,True,GROUP_RESIDUAL_COMPLETE
aigvdbench:Hnc6SyIpQ2M_19_0to122,validation,COMPLETE,COMPLETE,True,True,GROUP_RESIDUAL_COMPLETE
aigvdbench:h5Xe-yDyIV0_21_0to360,validation,COMPLETE,COMPLETE,True,True,GROUP_RESIDUAL_COMPLETE
aigvdbench:P3qCQLyI_Yw_8_0to471,validation,COMPLETE,COMPLETE,True,True,GROUP_RESIDUAL_COMPLETE
aigvdbench:6A0kCq0UoTQ_26_0to231,validation,COMPLETE,COMPLETE,True,True,GROUP_RESIDUAL_COMPLETE
aigvdbench:J-XaFcCaIBc_5_535to636,validation,COMPLETE,COMPLETE,True,True,GROUP_RESIDUAL_COMPLETE
aigvdbench:3tiSGslFKjg_4_76to200,validation,COMPLETE,COMPLETE,True,True,GROUP_RESIDUAL_COMPLETE
aigvdbench:K_TFHQP0-z4_97_35to140,validation,COMPLETE,COMPLETE,True,True,GROUP_RESIDUAL_COMPLETE
aigvdbench:Ei1eEtK7eh4_122_50to162,validation,COMPLETE,COMPLETE,True,True,GROUP_RESIDUAL_COMPLETE
aigvdbench:PZvO6kg4bdA_38_78to186,validation,COMPLETE,COMPLETE,True,True,GROUP_RESIDUAL_COMPLETE
aigvdbench:CdqmVEbXAp8_29_102to235,validation,COMPLETE,COMPLETE,True,True,GROUP_RESIDUAL_COMPLETE
aigvdbench:eSP0sWFI2cI_66_0to120,validation,COMPLETE,COMPLETE,True,True,GROUP_RESIDUAL_COMPLETE
aigvdbench:fpVsrsvwe4M_16_81to246,validation,COMPLETE,COMPLETE,True,True,GROUP_RESIDUAL_COMPLETE
aigvdbench:PP-mJktDRs4_2_0to110,validation,COMPLETE,COMPLETE,True,True,GROUP_RESIDUAL_COMPLETE
aigvdbench:WtOr0Ue8W1I_4_0to411,validation,COMPLETE,COMPLETE,True,True,GROUP_RESIDUAL_COMPLETE
aigvdbench:2NdxYQs7qbk_23_45to259,validation,COMPLETE,COMPLETE,True,True,GROUP_RESIDUAL_COMPLETE
aigvdbench:nEXY9NE_Cus_19_626to860,validation,COMPLETE,COMPLETE,True,True,GROUP_RESIDUAL_COMPLETE
aigvdbench:NFp8zhJx8Jg_26_0to159,validation,COMPLETE,COMPLETE,True,True,GROUP_RESIDUAL_COMPLETE
aigvdbench:mRpdEHIX_7M_18_498to695,validation,COMPLETE,COMPLETE,True,True,GROUP_RESIDUAL_COMPLETE
aigvdbench:_rb92HIhFdU_21_0to148,validation,COMPLETE,COMPLETE,True,True,GROUP_RESIDUAL_COMPLETE
aigvdbench:hN8lNMrhRYw_8_46to406,validation,COMPLETE,COMPLETE,True,True,GROUP_RESIDUAL_COMPLETE
aigvdbench:v2ESTRH3zVI_0_0to192,validation,COMPLETE,COMPLETE,True,True,GROUP_RESIDUAL_COMPLETE
aigvdbench:BVqRAAajSNk_11_0to136,validation,COMPLETE,COMPLETE,True,True,GROUP_RESIDUAL_COMPLETE
aigvdbench:EjYGOBHnee0_7_0to225,validation,COMPLETE,COMPLETE,True,True,GROUP_RESIDUAL_COMPLETE
aigvdbench:ajoqbaL-NV8_28_0to107,validation,COMPLETE,COMPLETE,True,True,GROUP_RESIDUAL_COMPLETE
aigvdbench:_JB_HTZPSDU_7_0to215,validation,COMPLETE,COMPLETE,True,True,GROUP_RESIDUAL_COMPLETE
aigvdbench:ADCEcGzs450_2_0to274,validation,COMPLETE,COMPLETE,True,True,GROUP_RESIDUAL_COMPLETE
aigvdbench:ndWV6RBY7r8_17_67to249,validation,COMPLETE,COMPLETE,True,True,GROUP_RESIDUAL_COMPLETE
aigvdbench:WnvjePkJMG4_9_0to147,validation,COMPLETE,COMPLETE,True,True,GROUP_RESIDUAL_COMPLETE
aigvdbench:opoNCFLTtjY_53_0to109,validation,COMPLETE,COMPLETE,True,True,GROUP_RESIDUAL_COMPLETE
aigvdbench:Bb4Si7ZVFSQ_31_0to171,validation,COMPLETE,COMPLETE,True,True,GROUP_RESIDUAL_COMPLETE
aigvdbench:6sXCk1hi8OM_250_0to118,validation,COMPLETE,COMPLETE,True,True,GROUP_RESIDUAL_COMPLETE
aigvdbench:cCNMBWfbVAE_9_0to198,validation,COMPLETE,COMPLETE,True,True,GROUP_RESIDUAL_COMPLETE
aigvdbench:si8-S3bXOis_177_0to103,validation,COMPLETE,COMPLETE,True,True,GROUP_RESIDUAL_COMPLETE
aigvdbench:kOSZ0fpTJeg_8_0to116,validation,COMPLETE,COMPLETE,True,True,GROUP_RESIDUAL_COMPLETE
aigvdbench:3Ay4Sk7NRCY_3_0to109,validation,COMPLETE,COMPLETE,True,True,GROUP_RESIDUAL_COMPLETE
aigvdbench:g3ZUB_Jn49M_16_18to130,validation,COMPLETE,COMPLETE,True,True,GROUP_RESIDUAL_COMPLETE
aigvdbench:lyoIryqJ08A_215_23to139,validation,COMPLETE,COMPLETE,True,True,GROUP_RESIDUAL_COMPLETE
aigvdbench:489wXyjtMOs_26_68to171,validation,COMPLETE,COMPLETE,True,True,GROUP_RESIDUAL_COMPLETE
aigvdbench:6khVFi91-p8_8_0to379,validation,COMPLETE,COMPLETE,True,True,GROUP_RESIDUAL_COMPLETE
aigvdbench:sGdL5CVxClg_202_0to167,validation,COMPLETE,COMPLETE,True,True,GROUP_RESIDUAL_COMPLETE
aigvdbench:mrIv--k0dVk_180_87to295,validation,COMPLETE,COMPLETE,True,True,GROUP_RESIDUAL_COMPLETE
aigvdbench:t9rr15LVkYs_25_30to227,validation,COMPLETE,COMPLETE,True,True,GROUP_RESIDUAL_COMPLETE
aigvdbench:neb-7epKdPM_0_0to363,validation,COMPLETE,COMPLETE,True,True,GROUP_RESIDUAL_COMPLETE
aigvdbench:czqlybgnjPs_8_102to649,validation,COMPLETE,COMPLETE,True,True,GROUP_RESIDUAL_COMPLETE
aigvdbench:A_JVdp-5TwY_5_55to200,validation,COMPLETE,COMPLETE,True,True,GROUP_RESIDUAL_COMPLETE
aigvdbench:epOygXWjrvE_0_0to280,validation,COMPLETE,COMPLETE,True,True,GROUP_RESIDUAL_COMPLETE
aigvdbench:mK6wTebqo6c_99_0to361,validation,COMPLETE,COMPLETE,True,True,GROUP_RESIDUAL_COMPLETE
aigvdbench:I0l12Yzp5z4_3_105to359,validation,COMPLETE,COMPLETE,True,True,GROUP_RESIDUAL_COMPLETE
aigvdbench:Uw9mCVBYLXE_9_562to1039,validation,COMPLETE,COMPLETE,True,True,GROUP_RESIDUAL_COMPLETE
aigvdbench:0hsMBHk0Eok_80_0to118,validation,COMPLETE,COMPLETE,True,True,GROUP_RESIDUAL_COMPLETE
aigvdbench:YqHbFJeyy6s_665_113to263,validation,COMPLETE,COMPLETE,True,True,GROUP_RESIDUAL_COMPLETE
aigvdbench:Qrv2el6rqVk_32_0to194,validation,COMPLETE,COMPLETE,True,True,GROUP_RESIDUAL_COMPLETE
aigvdbench:P1HVKm2-s60_102_0to132,validation,COMPLETE,COMPLETE,True,True,GROUP_RESIDUAL_COMPLETE
aigvdbench:1ujIX_2tILU_39_0to230,validation,COMPLETE,COMPLETE,True,True,GROUP_RESIDUAL_COMPLETE
aigvdbench:ETYQa5bydRA_50_0to280,validation,COMPLETE,COMPLETE,True,True,GROUP_RESIDUAL_COMPLETE
aigvdbench:eut6gKqRWIg_37_39to234,validation,COMPLETE,COMPLETE,True,True,GROUP_RESIDUAL_COMPLETE
aigvdbench:hSB1AsJzZGw_34_65to200,validation,COMPLETE,COMPLETE,True,True,GROUP_RESIDUAL_COMPLETE
aigvdbench:eRohOlGchY0_13_175to401,validation,COMPLETE,COMPLETE,True,True,GROUP_RESIDUAL_COMPLETE
aigvdbench:PVTLjm6eL3A_1_0to191,validation,COMPLETE,COMPLETE,True,True,GROUP_RESIDUAL_COMPLETE
aigvdbench:3ijMwscqYYs_68_0to325,validation,COMPLETE,COMPLETE,True,True,GROUP_RESIDUAL_COMPLETE
aigvdbench:k31cyxNrYhY_10_0to146,test,COMPLETE,COMPLETE,True,True,GROUP_RESIDUAL_COMPLETE
aigvdbench:mt4iHG4N9Yk_28_0to175,test,COMPLETE,COMPLETE,True,True,GROUP_RESIDUAL_COMPLETE
aigvdbench:RRXZGS60mqk_58_38to210,test,COMPLETE,COMPLETE,True,True,GROUP_RESIDUAL_COMPLETE
aigvdbench:U4yIRFyEwHs_71_527to875,test,COMPLETE,COMPLETE,True,True,GROUP_RESIDUAL_COMPLETE
aigvdbench:RlVWvCyyiL4_4_0to171,test,COMPLETE,COMPLETE,True,True,GROUP_RESIDUAL_COMPLETE
aigvdbench:y_iGGKqHB2g_4_0to104,test,COMPLETE,COMPLETE,True,True,GROUP_RESIDUAL_COMPLETE
aigvdbench:bHaVJ08aJqU_9_0to391,test,COMPLETE,COMPLETE,True,True,GROUP_RESIDUAL_COMPLETE
aigvdbench:JHPzKY4aNzo_33_113to223,test,COMPLETE,COMPLETE,True,True,GROUP_RESIDUAL_COMPLETE
aigvdbench:2B9BLASX3YQ_27_0to157,test,COMPLETE,COMPLETE,True,True,GROUP_RESIDUAL_COMPLETE
aigvdbench:QkBIXaRBaWQ_19_0to302,test,COMPLETE,COMPLETE,True,True,GROUP_RESIDUAL_COMPLETE
aigvdbench:z2j45k0DrhQ_22_153to280,test,COMPLETE,COMPLETE,True,True,GROUP_RESIDUAL_COMPLETE
aigvdbench:F_CTlGjh1oQ_11_0to133,test,COMPLETE,COMPLETE,True,True,GROUP_RESIDUAL_COMPLETE
aigvdbench:jAyS963ExTY_17_20to237,test,COMPLETE,COMPLETE,True,True,GROUP_RESIDUAL_COMPLETE
aigvdbench:HZtvLF6WZvg_37_0to175,test,COMPLETE,COMPLETE,True,True,GROUP_RESIDUAL_COMPLETE
aigvdbench:aLzUOfnaiKM_28_0to162,test,COMPLETE,COMPLETE,True,True,GROUP_RESIDUAL_COMPLETE
aigvdbench:Z954x4q8unM_11_311to521,test,COMPLETE,COMPLETE,True,True,GROUP_RESIDUAL_COMPLETE
aigvdbench:vk3gAunH0mU_8_841to1036,test,COMPLETE,COMPLETE,True,True,GROUP_RESIDUAL_COMPLETE
aigvdbench:xPcAfdYCj5k_136_0to424,test,COMPLETE,COMPLETE,True,True,GROUP_RESIDUAL_COMPLETE
aigvdbench:4Y94Hm05JbY_15_75to285,test,COMPLETE,COMPLETE,True,True,GROUP_RESIDUAL_COMPLETE
aigvdbench:1_6snv6uJOI_163_24to156,test,COMPLETE,COMPLETE,True,True,GROUP_RESIDUAL_COMPLETE
aigvdbench:luqB18f19rA_34_0to287,test,COMPLETE,COMPLETE,True,True,GROUP_RESIDUAL_COMPLETE
aigvdbench:ZF44B91CSwU_10_20to167,test,COMPLETE,COMPLETE,True,True,GROUP_RESIDUAL_COMPLETE
aigvdbench:aqkfGPNsdlA_8_0to147,test,COMPLETE,COMPLETE,True,True,GROUP_RESIDUAL_COMPLETE
aigvdbench:0iTGoFJyyNk_0_0to162,test,COMPLETE,COMPLETE,True,True,GROUP_RESIDUAL_COMPLETE
aigvdbench:6m5r64VRI8c_80_149to251,test,COMPLETE,COMPLETE,True,True,GROUP_RESIDUAL_COMPLETE
aigvdbench:wgqoVUUmqNI_12_0to108,test,COMPLETE,COMPLETE,True,True,GROUP_RESIDUAL_COMPLETE
aigvdbench:QB7HkS8fmIQ_0_736to1199,test,COMPLETE,COMPLETE,True,True,GROUP_RESIDUAL_COMPLETE
aigvdbench:Ok5VZuGyozI_83_62to277,test,COMPLETE,COMPLETE,True,True,GROUP_RESIDUAL_COMPLETE
aigvdbench:SCxn-lNP3KQ_24_17to216,test,COMPLETE,COMPLETE,True,True,GROUP_RESIDUAL_COMPLETE
aigvdbench:Z7L5Qjwa2dg_10_96to225,test,COMPLETE,COMPLETE,True,True,GROUP_RESIDUAL_COMPLETE
aigvdbench:riD-fcitHW4_54_18to280,test,COMPLETE,COMPLETE,True,True,GROUP_RESIDUAL_COMPLETE
aigvdbench:Roi1-3V2frQ_4_0to406,test,COMPLETE,COMPLETE,True,True,GROUP_RESIDUAL_COMPLETE
aigvdbench:Mkioc1jHbfE_0_0to242,test,COMPLETE,COMPLETE,True,True,GROUP_RESIDUAL_COMPLETE
aigvdbench:4znUmXghUCk_17_0to145,test,COMPLETE,COMPLETE,True,True,GROUP_RESIDUAL_COMPLETE
aigvdbench:DyufiUiWk9E_1_29to141,test,COMPLETE,COMPLETE,True,True,GROUP_RESIDUAL_COMPLETE
aigvdbench:SH2nbMwWRN0_51_0to244,test,COMPLETE,COMPLETE,True,True,GROUP_RESIDUAL_COMPLETE
aigvdbench:0W9CVrk66AI_54_0to180,test,COMPLETE,COMPLETE,True,True,GROUP_RESIDUAL_COMPLETE
aigvdbench:yIpgCt21qxo_6_152to297,test,COMPLETE,COMPLETE,True,True,GROUP_RESIDUAL_COMPLETE
aigvdbench:FsywAgJ42Ug_27_20to502,test,COMPLETE,COMPLETE,True,True,GROUP_RESIDUAL_COMPLETE
aigvdbench:2TGjkUMUiZQ_1_0to1106,test,COMPLETE,COMPLETE,True,True,GROUP_RESIDUAL_COMPLETE
aigvdbench:iJKRXXP7uMk_5_0to154,test,COMPLETE,COMPLETE,True,True,GROUP_RESIDUAL_COMPLETE
aigvdbench:cS-hFKC_RKI_46_60to168,test,COMPLETE,COMPLETE,True,True,GROUP_RESIDUAL_COMPLETE
aigvdbench:SUGTwS-yy24_10_0to288,test,COMPLETE,COMPLETE,True,True,GROUP_RESIDUAL_COMPLETE
aigvdbench:I16_TEnx5Zg_91_0to646,test,COMPLETE,COMPLETE,True,True,GROUP_RESIDUAL_COMPLETE
aigvdbench:hNcEHE8Y18c_37_53to173,test,COMPLETE,COMPLETE,True,True,GROUP_RESIDUAL_COMPLETE
aigvdbench:oapr-nV7JxI_41_0to120,test,COMPLETE,COMPLETE,True,True,GROUP_RESIDUAL_COMPLETE
aigvdbench:MRnSnmwhgI0_19_0to134,test,COMPLETE,COMPLETE,True,True,GROUP_RESIDUAL_COMPLETE
aigvdbench:jgYz1Lo5LuM_33_104to222,test,COMPLETE,COMPLETE,True,True,GROUP_RESIDUAL_COMPLETE
aigvdbench:J0QqJAAu6FU_1_67to185,test,COMPLETE,COMPLETE,True,True,GROUP_RESIDUAL_COMPLETE
aigvdbench:ZJkb3p8cvnU_4_0to1485,test,COMPLETE,COMPLETE,True,True,GROUP_RESIDUAL_COMPLETE
aigvdbench:AumaWl0TNBo_11_637to862,test,COMPLETE,COMPLETE,True,True,GROUP_RESIDUAL_COMPLETE
aigvdbench:Zj32NiEyI2k_32_0to101,test,COMPLETE,COMPLETE,True,True,GROUP_RESIDUAL_COMPLETE
aigvdbench:QqxFPGpdzY8_88_0to107,test,COMPLETE,COMPLETE,True,True,GROUP_RESIDUAL_COMPLETE
aigvdbench:9DtKXbiWwtE_81_0to130,test,COMPLETE,COMPLETE,True,True,GROUP_RESIDUAL_COMPLETE
aigvdbench:YHMru_6P_3c_0_0to185,test,COMPLETE,COMPLETE,True,True,GROUP_RESIDUAL_COMPLETE
aigvdbench:HCuvqdW_htc_3_0to918,test,COMPLETE,COMPLETE,True,True,GROUP_RESIDUAL_COMPLETE
aigvdbench:4Bqxe_6_PaE_42_0to136,test,COMPLETE,COMPLETE,True,True,GROUP_RESIDUAL_COMPLETE
aigvdbench:J7-LvIK_-Jw_5_1130to1250,test,COMPLETE,COMPLETE,True,True,GROUP_RESIDUAL_COMPLETE
aigvdbench:9YmKAzon0H8_7_0to107,test,COMPLETE,COMPLETE,True,True,GROUP_RESIDUAL_COMPLETE
aigvdbench:HpY3BTQcTvM_1_26to227,test,COMPLETE,COMPLETE,True,True,GROUP_RESIDUAL_COMPLETE
aigvdbench:B6_Y9-zQWAg_15_66to303,test,COMPLETE,COMPLETE,True,True,GROUP_RESIDUAL_COMPLETE
aigvdbench:5Z5BRmlwpAc_88_0to121,test,COMPLETE,COMPLETE,True,True,GROUP_RESIDUAL_COMPLETE
aigvdbench:wylDl_NBMMk_3_0to262,test,COMPLETE,COMPLETE,True,True,GROUP_RESIDUAL_COMPLETE
aigvdbench:b4k_9PlD2Ds_17_0to114,test,COMPLETE,COMPLETE,True,True,GROUP_RESIDUAL_COMPLETE
aigvdbench:k54O2ZoXi3Q_2_0to211,test,COMPLETE,COMPLETE,True,True,GROUP_RESIDUAL_COMPLETE
aigvdbench:M3sjD1C4XGY_114_0to111,test,COMPLETE,COMPLETE,True,True,GROUP_RESIDUAL_COMPLETE
aigvdbench:J0htRZc7Vew_4_24to147,test,COMPLETE,COMPLETE,True,True,GROUP_RESIDUAL_COMPLETE
aigvdbench:Os6eCSgUNto_16_0to122,test,COMPLETE,COMPLETE,True,True,GROUP_RESIDUAL_COMPLETE
aigvdbench:HQcN-SPchhI_7_31to133,test,COMPLETE,COMPLETE,True,True,GROUP_RESIDUAL_COMPLETE
aigvdbench:Tq5e0Lh117c_22_0to117,test,COMPLETE,COMPLETE,True,True,GROUP_RESIDUAL_COMPLETE
aigvdbench:z4FHgwCfbNs_5_31to256,test,COMPLETE,COMPLETE,True,True,GROUP_RESIDUAL_COMPLETE
aigvdbench:6p2KYW76Aeo_33_0to134,test,COMPLETE,COMPLETE,True,True,GROUP_RESIDUAL_COMPLETE
aigvdbench:ofurWzQTGeI_94_342to615,test,COMPLETE,COMPLETE,True,True,GROUP_RESIDUAL_COMPLETE
aigvdbench:JZE2If6eT_4_27_0to807,test,COMPLETE,COMPLETE,True,True,GROUP_RESIDUAL_COMPLETE
aigvdbench:aIGHTfekBqE_169_0to103,test,COMPLETE,COMPLETE,True,True,GROUP_RESIDUAL_COMPLETE
aigvdbench:lwblHh_qHRc_8_49to161,test,COMPLETE,COMPLETE,True,True,GROUP_RESIDUAL_COMPLETE
aigvdbench:H4m2NadSdFY_35_0to131,test,COMPLETE,COMPLETE,True,True,GROUP_RESIDUAL_COMPLETE
aigvdbench:-RTWiKiqlDg_33_0to349,test,COMPLETE,COMPLETE,True,True,GROUP_RESIDUAL_COMPLETE
aigvdbench:4elIMVO4ytk_4_0to901,test,COMPLETE,COMPLETE,True,True,GROUP_RESIDUAL_COMPLETE
aigvdbench:MdUQIfafCiQ_4_0to195,test,COMPLETE,COMPLETE,True,True,GROUP_RESIDUAL_COMPLETE
aigvdbench:-dbdyfmrQ60_19_139to248,test,COMPLETE,COMPLETE,True,True,GROUP_RESIDUAL_COMPLETE
aigvdbench:J3YiaYC7s4k_6_92to260,test,COMPLETE,COMPLETE,True,True,GROUP_RESIDUAL_COMPLETE
aigvdbench:_Q9iqWQkyu0_35_30to162,test,COMPLETE,COMPLETE,True,True,GROUP_RESIDUAL_COMPLETE
aigvdbench:2N4Px6wS_KI_61_0to101,test,COMPLETE,COMPLETE,True,True,GROUP_RESIDUAL_COMPLETE
aigvdbench:vQaInXtr6m8_31_0to492,test,COMPLETE,COMPLETE,True,True,GROUP_RESIDUAL_COMPLETE
aigvdbench:ygt6W64gatE_24_0to1187,test,COMPLETE,COMPLETE,True,True,GROUP_RESIDUAL_COMPLETE
aigvdbench:peZbzdef1Hs_8_0to315,test,COMPLETE,COMPLETE,True,True,GROUP_RESIDUAL_COMPLETE
aigvdbench:mLc0QQiQyTE_4_18to400,test,COMPLETE,COMPLETE,True,True,GROUP_RESIDUAL_COMPLETE
aigvdbench:GfgMMB8IfcE_7_521to627,test,COMPLETE,COMPLETE,True,True,GROUP_RESIDUAL_COMPLETE
aigvdbench:9tyEdGJkoKg_18_0to165,test,COMPLETE,COMPLETE,True,True,GROUP_RESIDUAL_COMPLETE
aigvdbench:DyY1ckkFLAY_9_0to129,test,COMPLETE,COMPLETE,True,True,GROUP_RESIDUAL_COMPLETE
aigvdbench:7-cp_xLrHzk_29_0to290,test,COMPLETE,COMPLETE,True,True,GROUP_RESIDUAL_COMPLETE
aigvdbench:JZIEfgYvQio_37_106to215,test,COMPLETE,COMPLETE,True,True,GROUP_RESIDUAL_COMPLETE
aigvdbench:H8L6geti0I0_10_0to113,test,COMPLETE,COMPLETE,True,True,GROUP_RESIDUAL_COMPLETE
aigvdbench:WeMNOGnmVcE_16_18to167,test,COMPLETE,COMPLETE,True,True,GROUP_RESIDUAL_COMPLETE
aigvdbench:FGHnVc1El8Y_52_0to238,test,COMPLETE,COMPLETE,True,True,GROUP_RESIDUAL_COMPLETE
aigvdbench:U0NTjd-Cx0I_2_19to216,test,COMPLETE,COMPLETE,True,True,GROUP_RESIDUAL_COMPLETE
aigvdbench:yxbayDhqBQc_14_0to156,test,COMPLETE,COMPLETE,True,True,GROUP_RESIDUAL_COMPLETE
aigvdbench:vz2lj5JFxE8_52_0to146,test,COMPLETE,COMPLETE,True,True,GROUP_RESIDUAL_COMPLETE
aigvdbench:MdRiHvx2oz0_22_0to136,test,COMPLETE,COMPLETE,True,True,GROUP_RESIDUAL_COMPLETE
aigvdbench:qi4zfI56x2M_16_0to104,test,COMPLETE,COMPLETE,True,True,GROUP_RESIDUAL_COMPLETE
aigvdbench:JzqqEDANwps_2_0to1338,test,COMPLETE,COMPLETE,True,True,GROUP_RESIDUAL_COMPLETE
aigvdbench:yfrq7y1PqBo_83_0to136,test,COMPLETE,COMPLETE,True,True,GROUP_RESIDUAL_COMPLETE
aigvdbench:zxUsGZedLSQ_0_0to404,test,COMPLETE,COMPLETE,True,True,GROUP_RESIDUAL_COMPLETE
aigvdbench:SheHMI0Cowo_22_0to519,test,COMPLETE,COMPLETE,True,True,GROUP_RESIDUAL_COMPLETE
aigvdbench:GyhPEjXw1yA_5_0to107,test,COMPLETE,COMPLETE,True,True,GROUP_RESIDUAL_COMPLETE
aigvdbench:Z04M-o26qcg_82_41to159,test,COMPLETE,COMPLETE,True,True,GROUP_RESIDUAL_COMPLETE
aigvdbench:9kXAHch00SM_1_0to107,test,COMPLETE,COMPLETE,True,True,GROUP_RESIDUAL_COMPLETE
aigvdbench:hU-KE7VvDfM_21_67to381,test,COMPLETE,COMPLETE,True,True,GROUP_RESIDUAL_COMPLETE
aigvdbench:vYEtS2eXY-c_0_0to587,test,COMPLETE,COMPLETE,True,True,GROUP_RESIDUAL_COMPLETE
aigvdbench:8L4fzqZTm_M_10_0to519,test,COMPLETE,COMPLETE,True,True,GROUP_RESIDUAL_COMPLETE
aigvdbench:OMPD4d2YaWM_28_89to392,test,COMPLETE,COMPLETE,True,True,GROUP_RESIDUAL_COMPLETE
aigvdbench:IMlAZsNPvYw_16_0to166,test,COMPLETE,COMPLETE,True,True,GROUP_RESIDUAL_COMPLETE
aigvdbench:WrrjOmZqUvc_28_0to135,test,COMPLETE,COMPLETE,True,True,GROUP_RESIDUAL_COMPLETE
aigvdbench:NgfBEINw48s_61_0to271,test,COMPLETE,COMPLETE,True,True,GROUP_RESIDUAL_COMPLETE
aigvdbench:m7V1i3jhomo_105_0to194,test,COMPLETE,COMPLETE,True,True,GROUP_RESIDUAL_COMPLETE
aigvdbench:iWdkJPc7TV8_24_0to115,test,COMPLETE,COMPLETE,True,True,GROUP_RESIDUAL_COMPLETE
aigvdbench:wcY6nDp_HzM_58_22to134,test,COMPLETE,COMPLETE,True,True,GROUP_RESIDUAL_COMPLETE
aigvdbench:sWfMsD8gqWc_4_0to1090,test,COMPLETE,COMPLETE,True,True,GROUP_RESIDUAL_COMPLETE
aigvdbench:5q6XOGXMrJA_34_90to339,test,COMPLETE,COMPLETE,True,True,GROUP_RESIDUAL_COMPLETE
aigvdbench:RmpBR91bFlg_29_0to504,test,COMPLETE,COMPLETE,True,True,GROUP_RESIDUAL_COMPLETE
aigvdbench:4_Xdc3O1OGs_52_0to346,test,COMPLETE,COMPLETE,True,True,GROUP_RESIDUAL_COMPLETE
aigvdbench:_icmM8z-QeM_16_0to230,test,COMPLETE,COMPLETE,True,True,GROUP_RESIDUAL_COMPLETE
aigvdbench:E3d0f7224A4_5_1123to1257,test,COMPLETE,COMPLETE,True,True,GROUP_RESIDUAL_COMPLETE
aigvdbench:okFxJc5z0BI_7_0to158,test,COMPLETE,COMPLETE,True,True,GROUP_RESIDUAL_COMPLETE
aigvdbench:PgRYzMZaGL0_11_0to245,test,COMPLETE,COMPLETE,True,True,GROUP_RESIDUAL_COMPLETE
aigvdbench:ifafaG1pqws_16_0to103,test,COMPLETE,COMPLETE,True,True,GROUP_RESIDUAL_COMPLETE
aigvdbench:UbBtUB4qfKs_7_0to116,test,COMPLETE,COMPLETE,True,True,GROUP_RESIDUAL_COMPLETE
aigvdbench:U4veMzcQWnw_40_0to113,test,COMPLETE,COMPLETE,True,True,GROUP_RESIDUAL_COMPLETE
aigvdbench:yGs8FDmiLZA_12_93to436,test,COMPLETE,COMPLETE,True,True,GROUP_RESIDUAL_COMPLETE
aigvdbench:_UszIjJounQ_35_23to233,test,COMPLETE,COMPLETE,True,True,GROUP_RESIDUAL_COMPLETE
aigvdbench:p7rc_WUPJNs_19_100to367,test,COMPLETE,COMPLETE,True,True,GROUP_RESIDUAL_COMPLETE
aigvdbench:sLuL_msn9-c_30_0to135,test,COMPLETE,COMPLETE,True,True,GROUP_RESIDUAL_COMPLETE
aigvdbench:loOVcFRvCeE_32_45to195,test,COMPLETE,COMPLETE,True,True,GROUP_RESIDUAL_COMPLETE
aigvdbench:ONjRr1-mjfY_32_42to223,test,COMPLETE,COMPLETE,True,True,GROUP_RESIDUAL_COMPLETE
aigvdbench:AcpZvx0p4X0_27_0to167,test,COMPLETE,COMPLETE,True,True,GROUP_RESIDUAL_COMPLETE
aigvdbench:QUpJf88FEhQ_17_26to179,test,COMPLETE,COMPLETE,True,True,GROUP_RESIDUAL_COMPLETE
aigvdbench:cpSjuQ_ZJvY_4_0to181,test,COMPLETE,COMPLETE,True,True,GROUP_RESIDUAL_COMPLETE
aigvdbench:7M4KJ8H14No_7_34to141,test,COMPLETE,COMPLETE,True,True,GROUP_RESIDUAL_COMPLETE
aigvdbench:L-YGf6sT4Nc_10_0to109,test,COMPLETE,COMPLETE,True,True,GROUP_RESIDUAL_COMPLETE
aigvdbench:8FCVMFa2U48_1_0to136,test,COMPLETE,COMPLETE,True,True,GROUP_RESIDUAL_COMPLETE
aigvdbench:1SsRvQvzN8Y_9_0to118,test,COMPLETE,COMPLETE,True,True,GROUP_RESIDUAL_COMPLETE
aigvdbench:3cpxcBupvL4_1_0to1170,test,COMPLETE,COMPLETE,True,True,GROUP_RESIDUAL_COMPLETE
aigvdbench:pf2Lz2gkFwY_24_19to165,test,COMPLETE,COMPLETE,True,True,GROUP_RESIDUAL_COMPLETE
aigvdbench:3ebhqmMWg14_0_0to199,test,COMPLETE,COMPLETE,True,True,GROUP_RESIDUAL_COMPLETE
aigvdbench:FKlzxOC_L7o_10_0to102,test,COMPLETE,COMPLETE,True,True,GROUP_RESIDUAL_COMPLETE
aigvdbench:4Ypgw119yBg_4_0to1602,test,COMPLETE,COMPLETE,True,True,GROUP_RESIDUAL_COMPLETE
aigvdbench:gnwQPORABR8_18_0to217,test,COMPLETE,COMPLETE,True,True,GROUP_RESIDUAL_COMPLETE
aigvdbench:ZsxlTeh1BIo_42_20to148,test,COMPLETE,COMPLETE,True,True,GROUP_RESIDUAL_COMPLETE
aigvdbench:2_0x9pY2dPA_0_287to388,test,COMPLETE,COMPLETE,True,True,GROUP_RESIDUAL_COMPLETE
