sample_id,manifest_schema_version,dataset_name,source_video_id,source_video_name,source_group_id,source_group_review_required,source_sha256,video_path,clip_id,clip_start,clip_end,core_clip_start,core_clip_end,num_frames,split,authenticity_label,authenticity_label_name,manipulation_type,scene_id,camera_id,camera_identity_status,coordinate_system_id,frame_manifest_path,object_observations_path,depth_observations_path,pose_observations_path,track_observations_path,semantic3d_observations_path,valid_object_count,valid_depth_count,valid_pose_count,valid_track_point_count,valid_semantic3d_count,usable,exclusion_reason,protocol_sha256,metadata
sample_07598ddde6e547396f97a1da,p4c1_experiment_manifest_v1,local_six_video_protocol_smoke,vid_16841aeab1be01e8d6e0,real_2,srcgrp_00d1b251018f09d2aa69,True,c833105a2514a32b11e8ceab387754f695841df8ec2978fa5177f32aa13aa124,data/tests_videos/tests_real_videos/real_2.mp4,clip_36b6076d1e82f53bd020,124,163,128,159,40,validation,0,real,unknown,0,,camera_identity_unavailable,coord_a75450ceb8ac9fe311e3,outputs/structural_enhancement_dataset/p4b5_six_video_full_observation/manifests/frames.parquet,outputs/structural_enhancement_dataset/p4b5_six_video_full_observation/observations/objects.parquet,outputs/structural_enhancement_dataset/p4b5_six_video_full_observation/observations/depth.parquet,outputs/structural_enhancement_dataset/p4b5_six_video_full_observation/observations/camera.parquet,outputs/structural_enhancement_dataset/p4b5_six_video_full_observation/observations/point_tracks_2d.parquet,outputs/structural_enhancement_dataset/p4b5_six_video_full_observation/observations/shared_3d_frames.parquet,0,40,0,0,0,False,required_objects_unavailable,004fb982597091e038bbb833370169626326f0ad5ecd0998fd61132ed1dffc12,"{""availability_missing_modalities"":[""camera_identity"",""objects"",""pose"",""semantic3d"",""tracks""],""geometry_mode"":""unavailable"",""geometry_validation_only"":true,""overlapping_clip_inherits_video_split"":true,""pose_graph_id"":""posegraph_86e82c3ee839e1930508"",""residual_values_read"":false,""sequence_scale_status"":""unknown"",""source_group_review_reason"":""original_real_and_derivative_relationship_not_provided"",""source_grouping_basis"":""file_hash_fallback_unresolved_origin"",""split_source"":""independent_manifest_protocol_smoke""}"
sample_1e03b6544e0fd15b98ed72c8,p4c1_experiment_manifest_v1,local_six_video_protocol_smoke,vid_16841aeab1be01e8d6e0,real_2,srcgrp_00d1b251018f09d2aa69,True,c833105a2514a32b11e8ceab387754f695841df8ec2978fa5177f32aa13aa124,data/tests_videos/tests_real_videos/real_2.mp4,clip_83dddaa39fbbb0a0aad2,44,83,48,79,40,validation,0,real,unknown,0,,camera_identity_unavailable,coord_644093bb45d1dde2e2ee,outputs/structural_enhancement_dataset/p4b5_six_video_full_observation/manifests/frames.parquet,outputs/structural_enhancement_dataset/p4b5_six_video_full_observation/observations/objects.parquet,outputs/structural_enhancement_dataset/p4b5_six_video_full_observation/observations/depth.parquet,outputs/structural_enhancement_dataset/p4b5_six_video_full_observation/observations/camera.parquet,outputs/structural_enhancement_dataset/p4b5_six_video_full_observation/observations/point_tracks_2d.parquet,outputs/structural_enhancement_dataset/p4b5_six_video_full_observation/observations/shared_3d_frames.parquet,0,40,0,0,0,False,required_objects_unavailable,004fb982597091e038bbb833370169626326f0ad5ecd0998fd61132ed1dffc12,"{""availability_missing_modalities"":[""camera_identity"",""objects"",""pose"",""semantic3d"",""tracks""],""geometry_mode"":""unavailable"",""geometry_validation_only"":true,""overlapping_clip_inherits_video_split"":true,""pose_graph_id"":""posegraph_a6ac75911b3af920e983"",""residual_values_read"":false,""sequence_scale_status"":""unknown"",""source_group_review_reason"":""original_real_and_derivative_relationship_not_provided"",""source_grouping_basis"":""file_hash_fallback_unresolved_origin"",""split_source"":""independent_manifest_protocol_smoke""}"
sample_1f17040574cf43dcfa367667,p4c1_experiment_manifest_v1,local_six_video_protocol_smoke,vid_16841aeab1be01e8d6e0,real_2,srcgrp_00d1b251018f09d2aa69,True,c833105a2514a32b11e8ceab387754f695841df8ec2978fa5177f32aa13aa124,data/tests_videos/tests_real_videos/real_2.mp4,clip_85c3c649f2c5df61a2b8,28,67,32,63,40,validation,0,real,unknown,0,,camera_identity_unavailable,coord_c6a03720cd335b607f04,outputs/structural_enhancement_dataset/p4b5_six_video_full_observation/manifests/frames.parquet,outputs/structural_enhancement_dataset/p4b5_six_video_full_observation/observations/objects.parquet,outputs/structural_enhancement_dataset/p4b5_six_video_full_observation/observations/depth.parquet,outputs/structural_enhancement_dataset/p4b5_six_video_full_observation/observations/camera.parquet,outputs/structural_enhancement_dataset/p4b5_six_video_full_observation/observations/point_tracks_2d.parquet,outputs/structural_enhancement_dataset/p4b5_six_video_full_observation/observations/shared_3d_frames.parquet,0,40,0,0,0,False,required_objects_unavailable,004fb982597091e038bbb833370169626326f0ad5ecd0998fd61132ed1dffc12,"{""availability_missing_modalities"":[""camera_identity"",""objects"",""pose"",""semantic3d"",""tracks""],""geometry_mode"":""unavailable"",""geometry_validation_only"":true,""overlapping_clip_inherits_video_split"":true,""pose_graph_id"":""posegraph_a3249489016ea6aa1e93"",""residual_values_read"":false,""sequence_scale_status"":""unknown"",""source_group_review_reason"":""original_real_and_derivative_relationship_not_provided"",""source_grouping_basis"":""file_hash_fallback_unresolved_origin"",""split_source"":""independent_manifest_protocol_smoke""}"
sample_4c21e13c832125be787a7d8f,p4c1_experiment_manifest_v1,local_six_video_protocol_smoke,vid_16841aeab1be01e8d6e0,real_2,srcgrp_00d1b251018f09d2aa69,True,c833105a2514a32b11e8ceab387754f695841df8ec2978fa5177f32aa13aa124,data/tests_videos/tests_real_videos/real_2.mp4,clip_e11920bfd272db519234,12,51,16,47,40,validation,0,real,unknown,0,,camera_identity_unavailable,coord_66d1179e0cbdd42351ab,outputs/structural_enhancement_dataset/p4b5_six_video_full_observation/manifests/frames.parquet,outputs/structural_enhancement_dataset/p4b5_six_video_full_observation/observations/objects.parquet,outputs/structural_enhancement_dataset/p4b5_six_video_full_observation/observations/depth.parquet,outputs/structural_enhancement_dataset/p4b5_six_video_full_observation/observations/camera.parquet,outputs/structural_enhancement_dataset/p4b5_six_video_full_observation/observations/point_tracks_2d.parquet,outputs/structural_enhancement_dataset/p4b5_six_video_full_observation/observations/shared_3d_frames.parquet,0,40,0,0,0,False,required_objects_unavailable,004fb982597091e038bbb833370169626326f0ad5ecd0998fd61132ed1dffc12,"{""availability_missing_modalities"":[""camera_identity"",""objects"",""pose"",""semantic3d"",""tracks""],""geometry_mode"":""unavailable"",""geometry_validation_only"":true,""overlapping_clip_inherits_video_split"":true,""pose_graph_id"":""posegraph_80291cc532ad3964109f"",""residual_values_read"":false,""sequence_scale_status"":""unknown"",""source_group_review_reason"":""original_real_and_derivative_relationship_not_provided"",""source_grouping_basis"":""file_hash_fallback_unresolved_origin"",""split_source"":""independent_manifest_protocol_smoke""}"
sample_aa7038ca95964b52468358bf,p4c1_experiment_manifest_v1,local_six_video_protocol_smoke,vid_16841aeab1be01e8d6e0,real_2,srcgrp_00d1b251018f09d2aa69,True,c833105a2514a32b11e8ceab387754f695841df8ec2978fa5177f32aa13aa124,data/tests_videos/tests_real_videos/real_2.mp4,clip_d0441af55ffb8c65817b,60,99,64,95,40,validation,0,real,unknown,0,,camera_identity_unavailable,coord_8874177a270e1b6fd3f4,outputs/structural_enhancement_dataset/p4b5_six_video_full_observation/manifests/frames.parquet,outputs/structural_enhancement_dataset/p4b5_six_video_full_observation/observations/objects.parquet,outputs/structural_enhancement_dataset/p4b5_six_video_full_observation/observations/depth.parquet,outputs/structural_enhancement_dataset/p4b5_six_video_full_observation/observations/camera.parquet,outputs/structural_enhancement_dataset/p4b5_six_video_full_observation/observations/point_tracks_2d.parquet,outputs/structural_enhancement_dataset/p4b5_six_video_full_observation/observations/shared_3d_frames.parquet,0,40,0,0,0,False,required_objects_unavailable,004fb982597091e038bbb833370169626326f0ad5ecd0998fd61132ed1dffc12,"{""availability_missing_modalities"":[""camera_identity"",""objects"",""pose"",""semantic3d"",""tracks""],""geometry_mode"":""unavailable"",""geometry_validation_only"":true,""overlapping_clip_inherits_video_split"":true,""pose_graph_id"":""posegraph_5e5826887647c4473abd"",""residual_values_read"":false,""sequence_scale_status"":""unknown"",""source_group_review_reason"":""original_real_and_derivative_relationship_not_provided"",""source_grouping_basis"":""file_hash_fallback_unresolved_origin"",""split_source"":""independent_manifest_protocol_smoke""}"
sample_bd3c21142f41a8fa1cfc1bec,p4c1_experiment_manifest_v1,local_six_video_protocol_smoke,vid_16841aeab1be01e8d6e0,real_2,srcgrp_00d1b251018f09d2aa69,True,c833105a2514a32b11e8ceab387754f695841df8ec2978fa5177f32aa13aa124,data/tests_videos/tests_real_videos/real_2.mp4,clip_fceaa9b519667b4f556e,159,194,163,194,36,validation,0,real,unknown,0,,camera_identity_unavailable,coord_4718ec123b756e14a3d1,outputs/structural_enhancement_dataset/p4b5_six_video_full_observation/manifests/frames.parquet,outputs/structural_enhancement_dataset/p4b5_six_video_full_observation/observations/objects.parquet,outputs/structural_enhancement_dataset/p4b5_six_video_full_observation/observations/depth.parquet,outputs/structural_enhancement_dataset/p4b5_six_video_full_observation/observations/camera.parquet,outputs/structural_enhancement_dataset/p4b5_six_video_full_observation/observations/point_tracks_2d.parquet,outputs/structural_enhancement_dataset/p4b5_six_video_full_observation/observations/shared_3d_frames.parquet,0,36,0,0,0,False,required_objects_unavailable,004fb982597091e038bbb833370169626326f0ad5ecd0998fd61132ed1dffc12,"{""availability_missing_modalities"":[""camera_identity"",""objects"",""pose"",""semantic3d"",""tracks""],""geometry_mode"":""unavailable"",""geometry_validation_only"":true,""overlapping_clip_inherits_video_split"":true,""pose_graph_id"":""posegraph_df65e639fbf3483bdc5a"",""residual_values_read"":false,""sequence_scale_status"":""unknown"",""source_group_review_reason"":""original_real_and_derivative_relationship_not_provided"",""source_grouping_basis"":""file_hash_fallback_unresolved_origin"",""split_source"":""independent_manifest_protocol_smoke""}"
sample_c38c5646edb820f0d5f12a70,p4c1_experiment_manifest_v1,local_six_video_protocol_smoke,vid_16841aeab1be01e8d6e0,real_2,srcgrp_00d1b251018f09d2aa69,True,c833105a2514a32b11e8ceab387754f695841df8ec2978fa5177f32aa13aa124,data/tests_videos/tests_real_videos/real_2.mp4,clip_05b5ca1fa88e1184bb83,0,35,0,31,36,validation,0,real,unknown,0,,camera_identity_unavailable,coord_589c8760f915acd0e994,outputs/structural_enhancement_dataset/p4b5_six_video_full_observation/manifests/frames.parquet,outputs/structural_enhancement_dataset/p4b5_six_video_full_observation/observations/objects.parquet,outputs/structural_enhancement_dataset/p4b5_six_video_full_observation/observations/depth.parquet,outputs/structural_enhancement_dataset/p4b5_six_video_full_observation/observations/camera.parquet,outputs/structural_enhancement_dataset/p4b5_six_video_full_observation/observations/point_tracks_2d.parquet,outputs/structural_enhancement_dataset/p4b5_six_video_full_observation/observations/shared_3d_frames.parquet,0,36,0,0,0,False,required_objects_unavailable,004fb982597091e038bbb833370169626326f0ad5ecd0998fd61132ed1dffc12,"{""availability_missing_modalities"":[""camera_identity"",""objects"",""pose"",""semantic3d"",""tracks""],""geometry_mode"":""unavailable"",""geometry_validation_only"":true,""overlapping_clip_inherits_video_split"":true,""pose_graph_id"":""posegraph_68858cc0094d51283163"",""residual_values_read"":false,""sequence_scale_status"":""unknown"",""source_group_review_reason"":""original_real_and_derivative_relationship_not_provided"",""source_grouping_basis"":""file_hash_fallback_unresolved_origin"",""split_source"":""independent_manifest_protocol_smoke""}"
sample_f58044ff56522614ea9065cc,p4c1_experiment_manifest_v1,local_six_video_protocol_smoke,vid_16841aeab1be01e8d6e0,real_2,srcgrp_00d1b251018f09d2aa69,True,c833105a2514a32b11e8ceab387754f695841df8ec2978fa5177f32aa13aa124,data/tests_videos/tests_real_videos/real_2.mp4,clip_0cac90a24cc1cd6e5652,156,194,160,191,39,validation,0,real,unknown,0,,camera_identity_unavailable,coord_e5f4f00d785a944654db,outputs/structural_enhancement_dataset/p4b5_six_video_full_observation/manifests/frames.parquet,outputs/structural_enhancement_dataset/p4b5_six_video_full_observation/observations/objects.parquet,outputs/structural_enhancement_dataset/p4b5_six_video_full_observation/observations/depth.parquet,outputs/structural_enhancement_dataset/p4b5_six_video_full_observation/observations/camera.parquet,outputs/structural_enhancement_dataset/p4b5_six_video_full_observation/observations/point_tracks_2d.parquet,outputs/structural_enhancement_dataset/p4b5_six_video_full_observation/observations/shared_3d_frames.parquet,0,39,0,0,0,False,required_objects_unavailable,004fb982597091e038bbb833370169626326f0ad5ecd0998fd61132ed1dffc12,"{""availability_missing_modalities"":[""camera_identity"",""objects"",""pose"",""semantic3d"",""tracks""],""geometry_mode"":""unavailable"",""geometry_validation_only"":true,""overlapping_clip_inherits_video_split"":true,""pose_graph_id"":""posegraph_d74f8eb5ec9a7f6bf660"",""residual_values_read"":false,""sequence_scale_status"":""unknown"",""source_group_review_reason"":""original_real_and_derivative_relationship_not_provided"",""source_grouping_basis"":""file_hash_fallback_unresolved_origin"",""split_source"":""independent_manifest_protocol_smoke""}"
sample_ff89b0e1c58a68d82a9384bf,p4c1_experiment_manifest_v1,local_six_video_protocol_smoke,vid_16841aeab1be01e8d6e0,real_2,srcgrp_00d1b251018f09d2aa69,True,c833105a2514a32b11e8ceab387754f695841df8ec2978fa5177f32aa13aa124,data/tests_videos/tests_real_videos/real_2.mp4,clip_c9398cb21bb7527859c9,140,179,144,175,40,validation,0,real,unknown,0,,camera_identity_unavailable,coord_c27b45bae020e0adff68,outputs/structural_enhancement_dataset/p4b5_six_video_full_observation/manifests/frames.parquet,outputs/structural_enhancement_dataset/p4b5_six_video_full_observation/observations/objects.parquet,outputs/structural_enhancement_dataset/p4b5_six_video_full_observation/observations/depth.parquet,outputs/structural_enhancement_dataset/p4b5_six_video_full_observation/observations/camera.parquet,outputs/structural_enhancement_dataset/p4b5_six_video_full_observation/observations/point_tracks_2d.parquet,outputs/structural_enhancement_dataset/p4b5_six_video_full_observation/observations/shared_3d_frames.parquet,0,40,0,0,0,False,required_objects_unavailable,004fb982597091e038bbb833370169626326f0ad5ecd0998fd61132ed1dffc12,"{""availability_missing_modalities"":[""camera_identity"",""objects"",""pose"",""semantic3d"",""tracks""],""geometry_mode"":""unavailable"",""geometry_validation_only"":true,""overlapping_clip_inherits_video_split"":true,""pose_graph_id"":""posegraph_96677e6094e82b4f71a9"",""residual_values_read"":false,""sequence_scale_status"":""unknown"",""source_group_review_reason"":""original_real_and_derivative_relationship_not_provided"",""source_grouping_basis"":""file_hash_fallback_unresolved_origin"",""split_source"":""independent_manifest_protocol_smoke""}"
